{"stats":{"minecraft:dropped":{"minecraft:iron_ingot":2,"minecraft:stone_axe":1,"minecraft:wheat_seeds":15,"blockarmor:spruce_planks_helmet":2,"blockarmor:oak_planks_chestplate":1,"minecraft:feather":1,"minecraft:rotten_flesh":7,"epicfight:iron_dagger":1,"minecraft:stick":4,"minecraft:gunpowder":1,"blockarmor:spruce_planks_boots":2,"blockarmor:oak_planks_leggings":2,"minecraft:oak_sapling":4,"minecraft:arrow":1,"minecraft:wooden_pickaxe":1,"minecraft:stone_pickaxe":2,"epicfight:skillbook":1},"minecraft:killed":{"minecraft:pig":3,"minecraft:zombie_villager":1,"minecraft:salmon":1,"alexsmobs:raccoon":4,"minecraft:spider":1,"minecraft:slime":19,"minecraft:creeper":1,"minecraft:sheep":3,"minecraft:skeleton":7,"minecraft:zombie":11,"minecraft:llama":3,"alexsmobs:crow":1,"alexsmobs:fly":1,"minecraft:cow":6},"minecraft:crafted":{"minecraft:cooked_beef":13,"blockarmor:oak_planks_chestplate":1,"minecraft:oak_planks":16,"blockarmor:cobblestone_boots":1,"minecraft:cooked_porkchop":5,"minecraft:crafting_table":2,"minecraft:spruce_planks":80,"epicfight:iron_spear":1,"minecraft:wooden_pickaxe":1,"blockarmor:cobblestone_helmet":1,"minecraft:furnace":1,"blockarmor:spruce_planks_helmet":1,"epicfight:iron_dagger":1,"epicfight:stone_greatsword":1,"minecraft:stone_axe":2,"minecraft:cooked_mutton":3,"minecraft:air":0,"blockarmor:cobblestone_chestplate":1,"minecraft:stick":16,"minecraft:stone_pickaxe":2,"minecraft:chest":2,"blockarmor:cobblestone_leggings":1,"minecraft:torch":8,"blockarmor:spruce_planks_boots":1,"blockarmor:oak_planks_leggings":1,"minecraft:smoker":1},"minecraft:mined":{"minecraft:crafting_table":3,"minecraft:torch":3,"minecraft:granite":2,"minecraft:blast_furnace":1,"minecraft:grass_block":1,"minecraft:spruce_leaves":6,"minecraft:oak_planks":1,"minecraft:diorite":1,"minecraft:wall_torch":5,"easy_steel:bornite_ore":10,"minecraft:furnace":3,"minecraft:wheat":6,"easy_steel:cassiterite_ore":13,"minecraft:iron_ore":20,"minecraft:spruce_log":35,"minecraft:andesite":3,"minecraft:grass":2,"minecraft:oak_log":29,"minecraft:coal_ore":27,"minecraft:dirt":1,"minecraft:stone":75,"minecraft:oak_leaves":3},"minecraft:custom":{"minecraft:interact_with_furnace":12,"minecraft:mob_kills":64,"minecraft:interact_with_crafting_table":16,"minecraft:play_one_minute":60244,"minecraft:leave_game":1,"minecraft:time_since_death":8188,"minecraft:sleep_in_bed":5,"minecraft:climb_one_cm":32,"minecraft:time_since_rest":4254,"minecraft:sprint_one_cm":154395,"minecraft:damage_taken":2143,"minecraft:walk_one_cm":170946,"minecraft:drop":42,"minecraft:damage_dealt":4569,"minecraft:swim_one_cm":716,"minecraft:fly_one_cm":146338,"minecraft:open_chest":19,"minecraft:crouch_one_cm":12430,"minecraft:deaths":1,"minecraft:sneak_time":3284,"minecraft:walk_under_water_one_cm":14311,"minecraft:jump":931,"minecraft:walk_on_water_one_cm":2577,"minecraft:interact_with_smoker":3,"minecraft:fall_one_cm":23094,"minecraft:horse_one_cm":831},"minecraft:used":{"minecraft:cooked_mutton":3,"epicfight:skillbook":9,"minecraft:diorite":1,"epicfight:iron_spear":26,"minecraft:stone_pickaxe":98,"minecraft:chest":2,"minecraft:wooden_pickaxe":19,"minecraft:torch":10,"minecraft:dirt":9,"minecraft:mutton":2,"minecraft:crafting_table":5,"minecraft:blast_furnace":1,"minecraft:smoker":1,"minecraft:spruce_log":29,"minecraft:oak_log":25,"alexsmobs:maggot":1,"minecraft:black_wool":1,"minecraft:apple":4,"minecraft:bread":5,"minecraft:iron_pickaxe":41,"epicfight:iron_dagger":5,"epicfight:stone_greatsword":73,"minecraft:stone_axe":20,"minecraft:cobblestone":4,"minecraft:cooked_porkchop":5,"minecraft:oak_sapling":5,"minecraft:furnace":2,"minecraft:porkchop":1,"minecraft:andesite":3,"alexsmobs:animal_dictionary":3,"minecraft:egg":1,"minecraft:cooked_beef":8,"minecraft:wheat_seeds":5},"minecraft:picked_up":{"minecraft:birch_log":1,"blockarmor:oak_planks_leggings":1,"minecraft:wheat":5,"minecraft:cooked_beef":4,"minecraft:crafting_table":3,"minecraft:feather":1,"blockarmor:spruce_planks_boots":1,"minecraft:salmon":1,"minecraft:andesite":3,"minecraft:leather":8,"blockarmor:spruce_planks_helmet":1,"easy_steel:cassiterite_ore":13,"minecraft:oak_log":26,"minecraft:gunpowder":2,"easy_steel:bornite_ore":10,"minecraft:string":1,"minecraft:dirt":9,"minecraft:bone":6,"minecraft:apple":1,"minecraft:wheat_seeds":20,"minecraft:beef":13,"minecraft:stone_pickaxe":1,"minecraft:iron_ore":22,"alexsmobs:raccoon_tail":3,"minecraft:oak_planks":1,"minecraft:egg":1,"minecraft:furnace":3,"minecraft:stick":8,"minecraft:sweet_berries":6,"minecraft:torch":7,"epicfight:skillbook":3,"minecraft:porkchop":6,"minecraft:spruce_sapling":7,"minecraft:blast_furnace":1,"minecraft:diorite":1,"minecraft:spruce_log":44,"minecraft:arrow":4,"minecraft:rotten_flesh":9,"minecraft:slime_ball":9,"epicfight:iron_dagger":1,"minecraft:granite":1,"minecraft:gray_wool":1,"alexsmobs:maggot":1,"minecraft:oak_sapling":9,"minecraft:black_wool":1,"minecraft:mutton":5,"minecraft:coal":31,"minecraft:white_wool":2,"minecraft:cobblestone":79}},"DataVersion":2586}