{"stat.leaveGame":9,"stat.mineBlock.minecraft.cobblestone":8,"stat.pickup.minecraft.stone_pickaxe":4,"stat.pickup.minecraft.flint":2,"stat.pickup.minecraft.leather_chestplate":3,"stat.mineBlock.srparasites.gore":5,"stat.pickup.spartanweaponry.longsword_stone":2,"stat.mineBlock.charm.crate_sealed":2,"stat.pickup.minecraft.fishing_rod":1,"stat.swimOneCm":5513,"stat.climbOneCm":1144,"stat.useItem.minecraft.planks":53,"stat.craftItem.minecraft.shield":2,"stat.pickup.minecraft.cooked_porkchop":2,"stat.pickup.minecraft.porkchop":9,"stat.mineBlock.quark.roots":2,"stat.useItem.minecraft.dirt":39,"stat.useItem.minecraft.stone_slab2":48,"stat.pickup.minecraft.rotten_flesh":1,"stat.useItem.minecraft.egg":5,"stat.craftItem.futuremc.campfire":2,"stat.craftItem.minecraft.stone_axe":2,"stat.craftItem.minecraft.iron_boots":1,"stat.craftItem.minecraft.stone_pickaxe":2,"stat.craftItem.minecraft.cooked_beef":11,"stat.pickup.minecraft.cobblestone":94,"stat.pickup.minecraft.leather_boots":1,"stat.mineBlock.minecraft.carpet":1,"stat.craftItem.minecraft.stone_sword":2,"stat.flyOneCm":292161,"stat.pickup.quark.marble":6,"stat.pickup.minecraft.fish":6,"stat.drop.minecraft.wheat_seeds":1,"stat.useItem.minecraft.cooked_beef":24,"stat.pickup.quark.tallow":15,"stat.mineBlock.minecraft.iron_ore":20,"stat.timeSinceDeath":3306,"stat.craftItem.minecraft.wooden_pickaxe":1,"stat.pickup.minecraft.mutton":10,"stat.drop.minecraft.coal":1,"stat.pickup.minecraft.stonebrick":5,"stat.furnaceInteraction":42,"stat.killEntity.Wolf":1,"stat.useItem.minecraft.cooked_porkchop":5,"stat.craftItem.spartanweaponry.material":1,"stat.pickup.minecraft.iron_shovel":2,"stat.pickup.minecraft.carpet":1,"stat.mineBlock.minecraft.coal_ore":26,"stat.pickup.srparasites.lurecomponent3":2,"stat.pickup.srparasites.lurecomponent1":2,"stat.pickup.minecraft.shield":2,"stat.talkedToVillager":2,"stat.pickup.minecraft.wooden_sword":1,"stat.pickup.minecraft.string":10,"stat.pickup.minecraft.beef":17,"stat.pickup.minecraft.furnace":2,"stat.useItem.quark.marble":5,"stat.craftItem.minecraft.stone_slab2":0,"stat.pickup.minecraft.leather_helmet":5,"stat.killEntity.Squid":1,"stat.sprintOneCm":282782,"stat.craftItem.minecraft.stick":32,"stat.killEntity.Horse":5,"stat.craftItem.toughasnails.canteen":2,"stat.useItem.minecraft.flint_and_steel":4,"stat.useItem.minecraft.wheat_seeds":5,"stat.mineBlock.minecraft.crafting_table":2,"stat.pickup.minecraft.leather_leggings":5,"stat.useItem.minecraft.beef":2,"stat.deaths":15,"stat.mineBlock.minecraft.planks":10,"stat.drop":6,"stat.pickup.minecraft.egg":5,"stat.playOneMinute":127736,"stat.useItem.minecraft.wooden_sword":10,"stat.killEntity.Sheep":8,"stat.pickup.minecraft.item_frame":1,"stat.killEntity.Zombie":1,"stat.pickup.minecraft.iron_bars":4,"stat.pickup.toughasnails.canteen":6,"stat.mineBlock.minecraft.tallgrass":81,"stat.diveOneCm":10939,"stat.pickup.minecraft.wheat":4,"stat.chestOpened":40,"stat.pickup.minecraft.iron_sword":1,"stat.craftItem.minecraft.cooked_porkchop":4,"stat.mineBlock.minecraft.ice":1,"stat.pickup.minecraft.stone_axe":2,"stat.mineBlock.minecraft.deadbush":1,"stat.useItem.minecraft.porkchop":1,"stat.craftItem.minecraft.coal":4,"stat.jump":1791,"stat.pickup.minecraft.iron_helmet":1,"stat.pickup.minecraft.coal":32,"stat.fallOneCm":31354,"stat.pickup.minecraft.iron_ingot":31,"stat.drop.toughasnails.canteen":1,"stat.useItem.minecraft.stone_axe":68,"stat.pickup.minecraft.gunpowder":2,"stat.crouchOneCm":26250,"stat.craftItem.spartanweaponry.longsword_stone":1,"stat.craftItem.minecraft.torch":32,"stat.craftItem.minecraft.iron_ingot":11,"stat.craftItem.minecraft.chest":1,"stat.pickup.minecraft.dirt":92,"stat.useItem.quark.root_flower":2,"stat.pickup.minecraft.red_mushroom":2,"stat.useItem.minecraft.cooked_chicken":5,"stat.craftingTableInteraction":30,"stat.pickup.minecraft.iron_ore":21,"stat.useItem.spartanweaponry.longsword_stone":101,"stat.mineBlock.minecraft.glass_pane":1,"stat.pickup.minecraft.wooden_pickaxe":3,"stat.pickup.minecraft.leather":31,"stat.damageTaken":14975,"stat.pickup.minecraft.feather":14,"stat.mineBlock.minecraft.furnace":2,"stat.mineBlock.minecraft.torch":12,"stat.useItem.minecraft.wooden_pickaxe":27,"stat.useItem.minecraft.reeds":1,"stat.pickup.srparasites.assimilated_flesh":5,"stat.pickup.minecraft.planks":35,"stat.pickup.minecraft.reeds":2,"stat.pickup.minecraft.bed":9,"stat.pickup.minecraft.wheat_seeds":22,"stat.useItem.minecraft.stone_pickaxe":137,"stat.useItem.minecraft.stone_sword":127,"stat.damageDealt":9626,"stat.sleepInBed":13,"stat.killEntity.Cow":9,"stat.mineBlock.quark.roots_blue_flower":1,"stat.mineBlock.minecraft.dirt":44,"stat.killEntity.Pig":7,"stat.drop.minecraft.stick":1,"stat.pickup.minecraft.flint_and_steel":1,"stat.walkOneCm":432099,"stat.useItem.minecraft.torch":27,"stat.useItem.minecraft.bread":1,"stat.pickup.minecraft.stick":15,"stat.pickup.minecraft.crafting_table":3,"stat.useItem.minecraft.cobblestone":50,"stat.craftItem.minecraft.crafting_table":3,"stat.mineBlock.minecraft.double_plant":6,"stat.mineBlock.quark.stone_speleothem":4,"stat.pickup.minecraft.log":50,"stat.pickup.quark.root_flower":2,"stat.drop.minecraft.sapling":2,"stat.pickup.minecraft.chicken":8,"stat.pickup.minecraft.sapling":12,"stat.pickup.minecraft.cooked_beef":49,"stat.mineBlock.overlast.red_leaves":14,"stat.mineBlock.minecraft.stonebrick":9,"stat.craftItem.minecraft.planks":136,"stat.killEntity.Chicken":7,"stat.mineBlock.srparasites.infestremain":5,"stat.killEntity.Spider":2,"stat.pickup.minecraft.stone_sword":3,"stat.pickup.minecraft.bread":1,"stat.mobKills":67,"stat.useItem.minecraft.stonebrick":4,"stat.mineBlock.minecraft.log":51,"stat.craftItem.minecraft.wooden_door":3,"stat.craftItem.minecraft.shears":1,"stat.craftItem.minecraft.cooked_chicken":5,"stat.useItem.minecraft.wooden_door":1,"stat.pickup.minecraft.iron_door":1,"stat.mineBlock.minecraft.leaves":12,"stat.pickup.minecraft.torch":17,"stat.sneakTime":10025,"stat.pickup.minecraft.yellow_flower":1,"stat.mineBlock.minecraft.stone":80}