{"stat.pickup.minecraft.bone":8,"stat.leaveGame":9,"stat.mineBlock.minecraft.cobblestone":31,"stat.pickup.minecraft.stone_pickaxe":5,"stat.pickup.minecraft.flint":2,"stat.pickup.minecraft.leather_chestplate":4,"stat.mineBlock.srparasites.gore":10,"stat.pickup.spartanweaponry.longsword_stone":3,"stat.mineBlock.charm.crate_sealed":2,"stat.pickup.minecraft.fishing_rod":1,"stat.pickup.srparasites.parasitecanister":1,"stat.swimOneCm":8760,"stat.climbOneCm":1144,"stat.useItem.minecraft.planks":62,"stat.craftItem.minecraft.shield":3,"stat.pickup.minecraft.cooked_porkchop":2,"stat.pickup.minecraft.porkchop":9,"stat.mineBlock.quark.roots":4,"stat.useItem.minecraft.dirt":39,"stat.useItem.minecraft.stone_slab2":67,"stat.useItem.minecraft.water_bucket":3,"stat.pickup.minecraft.rotten_flesh":6,"stat.useItem.minecraft.egg":5,"stat.craftItem.futuremc.campfire":2,"stat.craftItem.minecraft.stone_axe":2,"stat.craftItem.minecraft.iron_boots":1,"stat.craftItem.minecraft.stone_pickaxe":4,"stat.craftItem.minecraft.cooked_beef":11,"stat.killEntity.Enderman":1,"stat.pickup.minecraft.cobblestone":296,"stat.pickup.minecraft.leather_boots":3,"stat.mineBlock.minecraft.carpet":1,"stat.craftItem.minecraft.stone_sword":2,"stat.flyOneCm":457825,"stat.pickup.quark.marble":65,"stat.pickup.minecraft.fish":6,"stat.drop.minecraft.wheat_seeds":1,"stat.useItem.minecraft.cooked_beef":31,"stat.pickup.quark.tallow":15,"stat.mineBlock.minecraft.iron_ore":45,"stat.timeSinceDeath":51706,"stat.craftItem.minecraft.wooden_pickaxe":1,"stat.pickup.minecraft.mutton":27,"stat.useItem.quark.root":1,"stat.drop.minecraft.coal":1,"stat.pickup.minecraft.stonebrick":5,"stat.furnaceInteraction":56,"stat.killEntity.Wolf":1,"stat.useItem.minecraft.cooked_porkchop":5,"stat.craftItem.spartanweaponry.material":1,"stat.pickup.minecraft.iron_shovel":2,"stat.pickup.minecraft.carpet":1,"stat.mineBlock.minecraft.coal_ore":64,"stat.pickup.srparasites.lurecomponent3":4,"stat.pickup.srparasites.lurecomponent1":2,"stat.pickup.minecraft.shield":2,"stat.killEntity.Creeper":1,"stat.talkedToVillager":2,"stat.pickup.minecraft.wooden_sword":1,"stat.pickup.srparasites.lurecomponent4":1,"stat.pickup.minecraft.string":10,"stat.pickup.minecraft.beef":17,"stat.pickup.minecraft.furnace":2,"stat.useItem.minecraft.cooked_mutton":9,"stat.useItem.quark.marble":5,"stat.craftItem.minecraft.stone_slab2":0,"stat.pickup.minecraft.leather_helmet":5,"stat.killEntity.Squid":1,"stat.sprintOneCm":424707,"stat.craftItem.minecraft.stick":44,"stat.killEntity.Horse":6,"stat.craftItem.toughasnails.canteen":3,"stat.useItem.minecraft.flint_and_steel":7,"stat.useItem.minecraft.wheat_seeds":5,"stat.mineBlock.minecraft.crafting_table":2,"stat.pickup.minecraft.leather_leggings":5,"stat.useItem.minecraft.beef":2,"stat.mineBlock.quark.marble":59,"stat.deaths":17,"stat.mineBlock.minecraft.planks":12,"stat.drop":6,"stat.pickup.minecraft.egg":6,"stat.playOneMinute":200636,"stat.useItem.minecraft.wooden_sword":10,"stat.killEntity.Sheep":12,"stat.pickup.minecraft.item_frame":1,"stat.killEntity.Zombie":7,"stat.pickup.minecraft.iron_bars":4,"stat.pickup.toughasnails.canteen":8,"stat.mineBlock.minecraft.tallgrass":128,"stat.craftItem.minecraft.cooked_mutton":9,"stat.diveOneCm":14582,"stat.pickup.minecraft.wheat":4,"stat.pickup.minecraft.cooked_mutton":8,"stat.chestOpened":100,"stat.pickup.minecraft.iron_sword":1,"stat.pickup.minecraft.arrow":7,"stat.craftItem.minecraft.cooked_porkchop":4,"stat.mineBlock.minecraft.ice":13,"stat.pickup.minecraft.stone_axe":4,"stat.pickup.toughasnails.charcoal_filter":21,"stat.mineBlock.minecraft.deadbush":1,"stat.useItem.minecraft.porkchop":1,"stat.craftItem.minecraft.coal":9,"stat.jump":2683,"stat.pickup.minecraft.iron_helmet":1,"stat.pickup.minecraft.coal":84,"stat.fallOneCm":42474,"stat.pickup.minecraft.iron_ingot":31,"stat.drop.toughasnails.canteen":1,"stat.pickup.minecraft.carrot":1,"stat.useItem.minecraft.stone_axe":103,"stat.pickup.minecraft.gunpowder":2,"stat.crouchOneCm":51153,"stat.craftItem.spartanweaponry.longsword_stone":1,"stat.craftItem.minecraft.torch":64,"stat.craftItem.minecraft.iron_ingot":34,"stat.craftItem.minecraft.chest":1,"stat.pickup.minecraft.dirt":113,"stat.useItem.quark.root_flower":2,"stat.craftItem.minecraft.iron_helmet":1,"stat.pickup.minecraft.red_mushroom":3,"stat.useItem.minecraft.cooked_chicken":5,"stat.craftingTableInteraction":36,"stat.pickup.minecraft.iron_ore":46,"stat.useItem.minecraft.sapling":1,"stat.craftItem.minecraft.flint_and_steel":1,"stat.useItem.spartanweaponry.longsword_stone":129,"stat.mineBlock.minecraft.glass_pane":1,"stat.pickup.minecraft.wooden_pickaxe":3,"stat.pickup.minecraft.leather":34,"stat.damageTaken":16115,"stat.pickup.minecraft.feather":20,"stat.mineBlock.minecraft.furnace":2,"stat.mineBlock.minecraft.torch":21,"stat.useItem.minecraft.wooden_pickaxe":27,"stat.useItem.minecraft.reeds":1,"stat.pickup.srparasites.assimilated_flesh":8,"stat.pickup.minecraft.planks":47,"stat.pickup.minecraft.reeds":2,"stat.pickup.minecraft.bed":9,"stat.pickup.minecraft.wheat_seeds":28,"stat.useItem.minecraft.stone_pickaxe":476,"stat.useItem.minecraft.stone_sword":222,"stat.craftItem.minecraft.iron_leggings":1,"stat.damageDealt":14725,"stat.sleepInBed":18,"stat.killEntity.Cow":9,"stat.mineBlock.quark.roots_blue_flower":2,"stat.mineBlock.minecraft.dirt":65,"stat.killEntity.Pig":7,"stat.pickup.toughasnails.ice_cube":6,"stat.drop.minecraft.stick":1,"stat.useItem.minecraft.iron_bars":4,"stat.pickup.minecraft.flint_and_steel":1,"stat.walkOneCm":671307,"stat.useItem.minecraft.torch":103,"stat.useItem.minecraft.bread":1,"stat.pickup.minecraft.stick":15,"stat.pickup.minecraft.crafting_table":3,"stat.useItem.minecraft.log":5,"stat.useItem.minecraft.cobblestone":326,"stat.craftItem.minecraft.crafting_table":3,"stat.mineBlock.minecraft.double_plant":6,"stat.mineBlock.quark.stone_speleothem":4,"stat.pickup.minecraft.log":83,"stat.pickup.quark.root_flower":3,"stat.pickup.minecraft.stone":2,"stat.drop.minecraft.sapling":2,"stat.craftItem.minecraft.iron_chestplate":1,"stat.pickup.minecraft.chicken":12,"stat.pickup.minecraft.sapling":20,"stat.pickup.minecraft.wooden_door":4,"stat.pickup.minecraft.cooked_beef":49,"stat.pickup.srparasites.bone":1,"stat.mineBlock.overlast.red_leaves":19,"stat.killEntity.Skeleton":3,"stat.craftItem.minecraft.bucket":1,"stat.mineBlock.minecraft.stonebrick":9,"stat.craftItem.minecraft.planks":156,"stat.killEntity.Chicken":10,"stat.mineBlock.srparasites.infestremain":5,"stat.killEntity.Spider":2,"stat.pickup.quark.root":1,"stat.pickup.minecraft.stone_sword":3,"stat.pickup.minecraft.bread":1,"stat.mobKills":101,"stat.useItem.minecraft.stonebrick":4,"stat.mineBlock.minecraft.log":82,"stat.craftItem.minecraft.wooden_door":3,"stat.craftItem.minecraft.shears":1,"stat.craftItem.minecraft.cooked_chicken":5,"stat.useItem.minecraft.wooden_door":1,"stat.pickup.minecraft.iron_door":1,"stat.mineBlock.minecraft.leaves":12,"stat.pickup.minecraft.torch":28,"stat.mineBlock.srparasites.parasitecanister":2,"stat.sneakTime":17940,"stat.pickup.minecraft.yellow_flower":1,"stat.mineBlock.minecraft.stone":263}