{"stat.pickup.minecraft.bone":8,"stat.leaveGame":9,"stat.mineBlock.minecraft.cobblestone":37,"stat.pickup.minecraft.stone_pickaxe":5,"stat.pickup.minecraft.flint":2,"stat.pickup.minecraft.leather_chestplate":4,"stat.mineBlock.srparasites.gore":12,"stat.pickup.spartanweaponry.longsword_stone":3,"stat.mineBlock.charm.crate_sealed":3,"stat.pickup.minecraft.fishing_rod":1,"stat.pickup.srparasites.parasitecanister":9,"stat.swimOneCm":22187,"stat.climbOneCm":1144,"stat.useItem.minecraft.planks":62,"stat.craftItem.minecraft.shield":3,"stat.pickup.minecraft.cooked_porkchop":2,"stat.pickup.minecraft.porkchop":9,"stat.mineBlock.quark.roots":4,"stat.useItem.minecraft.dirt":87,"stat.useItem.minecraft.stone_slab2":75,"stat.useItem.minecraft.water_bucket":3,"stat.pickup.minecraft.rotten_flesh":15,"stat.useItem.minecraft.egg":5,"stat.craftItem.futuremc.campfire":2,"stat.craftItem.minecraft.stone_axe":2,"stat.craftItem.minecraft.iron_boots":1,"stat.craftItem.futuremc.smooth_stone":6,"stat.craftItem.minecraft.stone_pickaxe":5,"stat.craftItem.minecraft.cooked_beef":11,"stat.killEntity.Enderman":1,"stat.pickup.minecraft.cobblestone":318,"stat.pickup.minecraft.leather_boots":3,"stat.mineBlock.minecraft.carpet":1,"stat.pickup.quark.biome_cobblestone":3,"stat.craftItem.minecraft.stone_sword":3,"stat.flyOneCm":522003,"stat.pickup.quark.marble":65,"stat.pickup.minecraft.fish":6,"stat.drop.minecraft.wheat_seeds":1,"stat.useItem.minecraft.cooked_beef":33,"stat.pickup.quark.tallow":15,"stat.mineBlock.minecraft.iron_ore":65,"stat.timeSinceDeath":88606,"stat.craftItem.minecraft.wooden_pickaxe":1,"stat.pickup.minecraft.mutton":27,"stat.useItem.quark.root":1,"stat.drop.minecraft.coal":1,"stat.pickup.cgm.basic_ammo":96,"stat.pickup.minecraft.stonebrick":5,"stat.furnaceInteraction":58,"stat.killEntity.Wolf":1,"stat.useItem.minecraft.cooked_porkchop":5,"stat.craftItem.spartanweaponry.material":1,"stat.pickup.minecraft.iron_shovel":2,"stat.pickup.minecraft.carpet":1,"stat.mineBlock.minecraft.coal_ore":95,"stat.pickup.srparasites.lurecomponent3":4,"stat.pickup.srparasites.lurecomponent1":4,"stat.pickup.minecraft.shield":2,"stat.killEntity.Creeper":2,"stat.talkedToVillager":2,"stat.pickup.minecraft.wooden_sword":1,"stat.pickup.srparasites.lurecomponent4":1,"stat.pickup.minecraft.string":10,"stat.pickup.quark.crystal":1,"stat.pickup.cgm.advanced_ammo":32,"stat.pickup.minecraft.beef":17,"stat.pickup.minecraft.furnace":3,"stat.useItem.minecraft.cooked_mutton":9,"stat.useItem.quark.marble":5,"stat.craftItem.minecraft.stone_slab2":0,"stat.pickup.minecraft.leather_helmet":5,"stat.killEntity.Squid":1,"stat.sprintOneCm":495724,"stat.craftItem.minecraft.stick":52,"stat.killEntity.Horse":6,"stat.craftItem.toughasnails.canteen":6,"stat.useItem.minecraft.flint_and_steel":7,"stat.useItem.minecraft.wheat_seeds":5,"stat.mineBlock.minecraft.crafting_table":2,"stat.pickup.minecraft.leather_leggings":5,"stat.useItem.minecraft.beef":2,"stat.mineBlock.quark.marble":59,"stat.deaths":17,"stat.mineBlock.minecraft.planks":12,"stat.craftItem.futuremc.blast_furnace":1,"stat.drop":6,"stat.pickup.minecraft.egg":6,"stat.playOneMinute":237536,"stat.useItem.minecraft.wooden_sword":10,"stat.killEntity.Sheep":12,"stat.pickup.minecraft.item_frame":1,"stat.killEntity.Zombie":16,"stat.pickup.minecraft.iron_bars":4,"stat.pickup.toughasnails.canteen":9,"stat.mineBlock.minecraft.tallgrass":128,"stat.craftItem.minecraft.cooked_mutton":9,"stat.diveOneCm":21397,"stat.pickup.minecraft.wheat":4,"stat.pickup.minecraft.cooked_mutton":8,"stat.chestOpened":120,"stat.mineBlock.minecraft.netherrack":1,"stat.pickup.minecraft.iron_sword":1,"stat.pickup.minecraft.arrow":9,"stat.craftItem.minecraft.cooked_porkchop":4,"stat.mineBlock.minecraft.ice":13,"stat.pickup.minecraft.stone_axe":4,"stat.pickup.toughasnails.charcoal_filter":21,"stat.mineBlock.minecraft.deadbush":1,"stat.useItem.minecraft.porkchop":1,"stat.craftItem.minecraft.coal":9,"stat.craftItem.minecraft.iron_nugget":18,"stat.jump":3194,"stat.pickup.minecraft.iron_helmet":1,"stat.pickup.minecraft.coal":155,"stat.pickup.minecraft.cooked_chicken":24,"stat.fallOneCm":49975,"stat.pickup.minecraft.iron_ingot":31,"stat.drop.toughasnails.canteen":1,"stat.pickup.minecraft.carrot":1,"stat.useItem.minecraft.stone_axe":107,"stat.pickup.minecraft.gunpowder":4,"stat.crouchOneCm":65025,"stat.craftItem.spartanweaponry.longsword_stone":1,"stat.craftItem.minecraft.torch":72,"stat.craftItem.minecraft.iron_ingot":56,"stat.craftItem.minecraft.chest":1,"stat.pickup.minecraft.dirt":163,"stat.useItem.quark.root_flower":2,"stat.craftItem.minecraft.iron_helmet":1,"stat.pickup.minecraft.red_mushroom":3,"stat.useItem.minecraft.cooked_chicken":18,"stat.craftingTableInteraction":45,"stat.pickup.minecraft.iron_ore":66,"stat.useItem.minecraft.sapling":1,"stat.craftItem.minecraft.flint_and_steel":1,"stat.useItem.spartanweaponry.longsword_stone":129,"stat.mineBlock.minecraft.glass_pane":1,"stat.pickup.minecraft.wooden_pickaxe":3,"stat.pickup.minecraft.leather":34,"stat.damageTaken":26692,"stat.pickup.minecraft.feather":20,"stat.mineBlock.minecraft.furnace":3,"stat.mineBlock.minecraft.torch":22,"stat.useItem.minecraft.wooden_pickaxe":27,"stat.useItem.minecraft.reeds":1,"stat.pickup.srparasites.ada_yelloweye_drop":1,"stat.pickup.srparasites.assimilated_flesh":9,"stat.pickup.minecraft.planks":49,"stat.pickup.minecraft.reeds":2,"stat.pickup.minecraft.bed":9,"stat.pickup.minecraft.wheat_seeds":28,"stat.pickup.minecraft.oak_stairs":2,"stat.pickup.srparasites.canisteractive":3,"stat.useItem.minecraft.stone_pickaxe":559,"stat.useItem.minecraft.stone_sword":296,"stat.craftItem.minecraft.iron_leggings":1,"stat.damageDealt":17926,"stat.sleepInBed":20,"stat.killEntity.Cow":9,"stat.mineBlock.quark.roots_blue_flower":2,"stat.mineBlock.minecraft.dirt":72,"stat.killEntity.Pig":7,"stat.pickup.toughasnails.ice_cube":6,"stat.drop.minecraft.stick":1,"stat.useItem.minecraft.iron_bars":4,"stat.mineBlock.quark.biome_cobblestone":3,"stat.pickup.minecraft.flint_and_steel":1,"stat.walkOneCm":790073,"stat.useItem.minecraft.torch":114,"stat.useItem.minecraft.bread":1,"stat.pickup.minecraft.stick":15,"stat.pickup.minecraft.iron_nugget":13,"stat.pickup.minecraft.crafting_table":3,"stat.useItem.minecraft.log":5,"stat.useItem.minecraft.cobblestone":377,"stat.craftItem.minecraft.crafting_table":4,"stat.mineBlock.minecraft.double_plant":6,"stat.mineBlock.quark.stone_speleothem":5,"stat.mineBlock.srparasites.canisteractive":2,"stat.pickup.minecraft.log":87,"stat.pickup.quark.root_flower":3,"stat.pickup.minecraft.stone":3,"stat.drop.minecraft.sapling":2,"stat.craftItem.minecraft.iron_chestplate":1,"stat.pickup.minecraft.chicken":12,"stat.pickup.minecraft.sapling":30,"stat.pickup.minecraft.wooden_door":17,"stat.pickup.minecraft.cooked_beef":51,"stat.pickup.srparasites.bone":1,"stat.mineBlock.overlast.red_leaves":19,"stat.killEntity.Skeleton":4,"stat.craftItem.minecraft.bucket":1,"stat.mineBlock.minecraft.stonebrick":9,"stat.craftItem.minecraft.planks":156,"stat.killEntity.Chicken":10,"stat.mineBlock.srparasites.infestremain":5,"stat.killEntity.Spider":2,"stat.pickup.quark.root":1,"stat.pickup.minecraft.stone_sword":3,"stat.pickup.minecraft.bread":1,"stat.mobKills":121,"stat.useItem.minecraft.stonebrick":4,"stat.mineBlock.minecraft.log":82,"stat.craftItem.minecraft.wooden_door":3,"stat.craftItem.minecraft.shears":1,"stat.craftItem.minecraft.cooked_chicken":5,"stat.pickup.cgm.machine_pistol":2,"stat.useItem.minecraft.wooden_door":1,"stat.pickup.minecraft.iron_door":1,"stat.mineBlock.minecraft.leaves":14,"stat.pickup.minecraft.torch":29,"stat.mineBlock.srparasites.parasitecanister":4,"stat.sneakTime":22339,"stat.pickup.minecraft.yellow_flower":1,"stat.mineBlock.minecraft.stone":279}