{"stats":{"minecraft:custom":{"minecraft:time_since_rest":6976,"minecraft:play_one_minute":6976,"minecraft:crouch_one_cm":2269,"minecraft:sprint_one_cm":7947,"minecraft:damage_taken":304,"minecraft:walk_one_cm":11367,"minecraft:sneak_time":823,"minecraft:mob_kills":1,"minecraft:damage_dealt_resisted":0,"minecraft:jump":86,"minecraft:leave_game":2,"minecraft:time_since_death":6976,"minecraft:damage_resisted":76,"minecraft:interact_with_crafting_table":2,"minecraft:fall_one_cm":3728,"minecraft:fly_one_cm":29317},"minecraft:killed":{"minecraft:pig":1},"minecraft:mined":{"minecraft:grass":1,"minecraft:grass_block":3,"minecraft:dirt":9,"minecraft:iron_ore":5,"minecraft:dark_oak_log":4,"minecraft:stone":5},"minecraft:used":{"minecraft:crafting_table":1,"minecraft:stone_pickaxe":7,"minecraft:wooden_pickaxe":15},"minecraft:picked_up":{"minecraft:iron_ore":5,"minecraft:dark_oak_log":4,"minecraft:dirt":12,"minecraft:cobblestone":6},"minecraft:crafted":{"minecraft:dark_oak_planks":16,"minecraft:crafting_table":1,"minecraft:stick":8,"minecraft:stone_pickaxe":1,"minecraft:wooden_pickaxe":1}},"DataVersion":2586}