{"stats":{"minecraft:custom":{"minecraft:mob_kills":118,"minecraft:play_one_minute":37656,"minecraft:damage_dealt_resisted":79824,"minecraft:leave_game":2,"minecraft:time_since_death":1546,"minecraft:damage_resisted":22805,"minecraft:climb_one_cm":37,"minecraft:time_since_rest":1585,"minecraft:damage_absorbed":254,"minecraft:sprint_one_cm":158332,"minecraft:damage_taken":6785,"minecraft:walk_one_cm":177133,"minecraft:drop":46,"minecraft:damage_dealt":6681,"minecraft:damage_dealt_absorbed":68,"minecraft:swim_one_cm":8106,"minecraft:fly_one_cm":451003,"minecraft:crouch_one_cm":240,"minecraft:deaths":5,"minecraft:sneak_time":150,"minecraft:walk_under_water_one_cm":3299,"minecraft:jump":575,"minecraft:walk_on_water_one_cm":19389,"minecraft:fall_one_cm":72443},"minecraft:mined":{"minecraft:grass":2},"minecraft:killed":{"jujutsucraft:sea_serpent_3":2,"jujutsucraft:cursed_spirit_grade_32":1,"jujutsucraft:cursed_spirit_grade_33":4,"minecraft:pig":1,"jujutsucraft:nue":1,"minecraft:salmon":2,"minecraft:spider":1,"minecraft:bat":8,"jujutsucraft:sea_serpent_1":2,"jujutsucraft:transfigured_human_2":1,"jujutsucraft:itadori_yuji":1,"minecraft:creeper":1,"jujutsucraft:divine_dog_white":1,"minecraft:sheep":2,"minecraft:skeleton":1,"jujutsucraft:cursed_spirit_grade_39":3,"jujutsucraft:cursed_spirit_grade_312":1,"minecraft:zombie":7,"minecraft:bee":1,"jujutsucraft:cursed_spirit_grade_311":1,"minecraft:chicken":3,"jujutsucraft:divine_dog_black":1,"jujutsucraft:toad":1,"jujutsucraft:cursed_spirit_grade_36":4,"jujutsucraft:rabbit_escape":36,"jujutsucraft:kashimo_hajime":1,"jujutsucraft:cursed_spirit_grade_38":1,"jujutsucraft:cursed_spirit_grade_34":6,"jujutsucraft:transfigured_human_1":2,"jujutsucraft:nanami_kento":1,"jujutsucraft:sea_serpent_mini":3,"jujutsucraft:sea_serpent_2":2,"minecraft:cow":7},"minecraft:used":{"minecraft:stone":6,"jujutsucraft:mahito_hand_1":8,"jujutsucraft:mahito_hand_2":1,"minecraft:dirt":3,"minecraft:grass_block":2,"minecraft:dark_oak_sapling":1},"minecraft:killed_by":{"jujutsucraft:sukuna_perfect":1,"minecraft:player":3,"jujutsucraft:gojo_satoru":1},"minecraft:picked_up":{"jujutsucraft:recommendation_2":3,"minecraft:seagrass":1,"minecraft:feather":6,"minecraft:chicken":1,"jujutsucraft:uniform_gojo_boots":1,"jujutsucraft:recommendation_1":6,"minecraft:andesite":2,"minecraft:leather":5,"jujutsucraft:item_master_domain_expansion":1,"jujutsucraft:cursed_technique_changer":3,"jujutsucraft:item_master_physical_gifted":1,"minecraft:gunpowder":2,"minecraft:dirt":4,"minecraft:string":2,"minecraft:bone":2,"minecraft:wheat_seeds":1,"minecraft:beef":4,"minecraft:sugar_cane":1,"minecraft:dark_oak_sapling":1,"minecraft:stone":23,"jujutsucraft:item_master_simple_domain":1,"minecraft:gravel":3,"minecraft:porkchop":2,"minecraft:sand":1,"jujutsucraft:uniform_gojo_leggings":1,"jujutsucraft:uniform_gojo_chestplate":1,"minecraft:ink_sac":7,"jujutsucraft:uniform_gojo_helmet":1,"minecraft:grass_block":4,"minecraft:arrow":2,"minecraft:rotten_flesh":2,"jujutsucraft:item_master_reverse_cursed_technique":1,"minecraft:oak_sapling":2,"minecraft:mutton":2,"jujutsucraft:item_master_six_eyes":1},"minecraft:dropped":{"minecraft:gravel":1,"minecraft:wheat_seeds":1,"minecraft:sugar_cane":1,"minecraft:porkchop":2,"jujutsucraft:uniform_normal_leggings":1,"minecraft:feather":3,"minecraft:rotten_flesh":1,"minecraft:leather":5,"minecraft:grass_block":2,"jujutsucraft:uniform_normal_chestplate":1,"minecraft:dirt":1,"minecraft:stone":9,"jujutsucraft:recommendation_2":1,"minecraft:gunpowder":2,"minecraft:ink_sac":7,"minecraft:mutton":2,"jujutsucraft:item_master_physical_gifted":1,"minecraft:andesite":1,"minecraft:seagrass":1,"minecraft:oak_sapling":1,"minecraft:sand":1,"minecraft:arrow":1,"jujutsucraft:uniform_normal_boots":1,"minecraft:string":2}},"DataVersion":2586}