{"stat.leaveGame":3,"stat.pickup.srparasites.parasitecanister":8,"stat.useItem.minecraft.planks":121,"stat.pickup.minecraft.porkchop":2,"stat.drop.minecraft.wooden_door":2,"stat.pickup.minecraft.rotten_flesh":20,"stat.craftItem.minecraft.stone_axe":2,"stat.mineBlock.nocubessrpnests.nestegg":1,"stat.drop.minecraft.leather_boots":1,"stat.pickup.minecraft.leather_boots":3,"stat.craftItem.minecraft.stone_sword":1,"stat.pickup.quark.marble":14,"stat.mineBlock.futuremc.stripped_oak_log":4,"stat.pickup.quark.tallow":22,"stat.useItem.minecraft.iron_pickaxe":328,"stat.craftItem.minecraft.wooden_pickaxe":1,"stat.furnaceInteraction":66,"stat.pickup.srparasites.lurecomponent2":1,"stat.pickup.srparasites.lurecomponent3":4,"stat.pickup.srparasites.lurecomponent1":16,"stat.pickup.srparasites.lurecomponent4":3,"stat.drop.minecraft.red_flower":2,"stat.pickup.minecraft.beef":5,"stat.pickup.minecraft.furnace":4,"stat.pickup.minecraft.leather_helmet":7,"stat.pickup.futuremc.stripped_oak_log":4,"stat.pickup.minecraft.iron_chestplate":2,"stat.killEntity.Horse":10,"stat.mineBlock.overlast.yellow_leaves":4,"stat.craftItem.toughasnails.canteen":10,"stat.useItem.minecraft.flint_and_steel":1,"stat.pickup.minecraft.emerald":9,"stat.mineBlock.quark.crystal":1,"stat.deaths":6,"stat.pickup.minecraft.egg":4,"stat.playOneMinute":258593,"stat.craftItem.minecraft.iron_pickaxe":2,"stat.pickup.minecraft.item_frame":4,"stat.pickup.minecraft.iron_bars":2,"stat.pickup.toughasnails.canteen":14,"stat.mineBlock.minecraft.tallgrass":26,"stat.craftItem.minecraft.cooked_mutton":15,"stat.pickup.minecraft.cooked_mutton":30,"stat.chestOpened":65,"stat.pickup.minecraft.iron_sword":2,"stat.pickup.minecraft.arrow":10,"stat.mineBlock.minecraft.ice":1,"stat.mineBlock.toughasnails.campfire":1,"stat.craftItem.minecraft.coal":3,"stat.pickup.minecraft.cooked_chicken":32,"stat.fallOneCm":55801,"stat.drop.minecraft.stone":1,"stat.drop.toughasnails.canteen":2,"stat.drop.minecraft.stone_sword":1,"stat.crouchOneCm":20422,"stat.craftItem.minecraft.chest":3,"stat.craftItem.minecraft.iron_ingot":140,"stat.pickup.minecraft.red_mushroom":3,"stat.pickup.cgm.assault_rifle":1,"stat.craftingTableInteraction":29,"stat.pickup.minecraft.wooden_pickaxe":1,"stat.pickup.minecraft.feather":40,"stat.useItem.minecraft.furnace":1,"stat.craftItem.minecraft.wooden_sword":1,"stat.pickup.minecraft.dye":36,"stat.pickup.minecraft.planks":120,"stat.pickup.minecraft.iron_leggings":2,"stat.pickup.minecraft.wheat_seeds":11,"stat.useItem.minecraft.stone_pickaxe":141,"stat.useItem.minecraft.stone_sword":214,"stat.craftItem.minecraft.iron_leggings":1,"stat.mineBlock.minecraft.dirt":67,"stat.pickup.toughasnails.ice_cube":1,"stat.pickup.minecraft.flint_and_steel":1,"stat.useItem.minecraft.bread":1,"stat.useItem.minecraft.torch":109,"stat.pickup.minecraft.golden_apple":1,"stat.pickup.minecraft.iron_nugget":29,"stat.pickup.minecraft.crafting_table":3,"stat.useItem.minecraft.log":3,"stat.useItem.minecraft.cobblestone":100,"stat.craftItem.minecraft.crafting_table":3,"stat.mineBlock.minecraft.double_plant":1,"stat.mineBlock.quark.stone_speleothem":2,"stat.pickup.minecraft.iron_hoe":1,"stat.mineBlock.minecraft.emerald_ore":7,"stat.pickup.minecraft.log":53,"stat.pickup.minecraft.iron_pickaxe":2,"stat.drop.minecraft.sapling":3,"stat.pickup.minecraft.chicken":11,"stat.pickup.minecraft.sapling":9,"stat.pickup.minecraft.wooden_door":4,"stat.mineBlock.overlast.red_leaves":1,"stat.craftItem.minecraft.planks":148,"stat.useItem.minecraft.iron_sword":191,"stat.pickup.quark.root":3,"stat.pickup.minecraft.stone_sword":8,"stat.mineBlock.minecraft.log":46,"stat.craftItem.minecraft.cooked_chicken":12,"stat.drop.minecraft.leather_leggings":1,"stat.pickup.minecraft.iron_door":3,"stat.craftItem.minecraft.paper":6,"stat.pickup.minecraft.red_flower":2,"stat.sneakTime":8256,"stat.pickup.minecraft.bone":6,"stat.useItem.minecraft.iron_axe":23,"stat.mineBlock.minecraft.cobblestone":9,"stat.pickup.minecraft.stone_pickaxe":6,"stat.drop.minecraft.red_mushroom":1,"stat.pickup.minecraft.flint":2,"stat.drop.minecraft.leather_helmet":1,"stat.pickup.minecraft.leather_chestplate":4,"stat.mineBlock.srparasites.gore":17,"stat.mineBlock.minecraft.concrete":5,"stat.pickup.spartanweaponry.longsword_stone":1,"stat.mineBlock.charm.crate_sealed":2,"stat.swimOneCm":26478,"stat.useItem.minecraft.concrete_powder":4,"stat.climbOneCm":1722,"stat.pickup.minecraft.cooked_porkchop":2,"stat.mineBlock.quark.roots":3,"stat.useItem.minecraft.dirt":139,"stat.useItem.minecraft.stone_slab2":62,"stat.pickup.minecraft.bow":1,"stat.pickup.minecraft.iron_boots":2,"stat.craftItem.minecraft.furnace":3,"stat.craftItem.minecraft.iron_boots":1,"stat.craftItem.minecraft.stone_pickaxe":1,"stat.craftItem.minecraft.cooked_beef":6,"stat.pickup.minecraft.cobblestone":507,"stat.pickup.minecraft.iron_trapdoor":3,"stat.useItem.minecraft.stone_shovel":61,"stat.flyOneCm":706038,"stat.drop.minecraft.wheat_seeds":1,"stat.craftItem.toughasnails.campfire":1,"stat.useItem.minecraft.cooked_beef":44,"stat.craftItem.toughasnails.charcoal_filter":9,"stat.drop.minecraft.clay_ball":4,"stat.mineBlock.minecraft.iron_ore":90,"stat.timeSinceDeath":77115,"stat.pickup.minecraft.mutton":7,"stat.pickup.cgm.basic_ammo":64,"stat.drop.minecraft.flint_and_steel":1,"stat.useItem.minecraft.cooked_porkchop":2,"stat.pickup.minecraft.iron_shovel":1,"stat.mineBlock.minecraft.coal_ore":139,"stat.pickup.minecraft.shield":4,"stat.killEntity.Creeper":2,"stat.talkedToVillager":4,"stat.pickup.minecraft.string":1,"stat.pickup.cgm.advanced_ammo":32,"stat.craftItem.minecraft.stone_slab2":0,"stat.killEntity.Squid":7,"stat.sprintOneCm":368374,"stat.craftItem.minecraft.stick":16,"stat.craftItem.minecraft.stone":6,"stat.mineBlock.minecraft.diamond_ore":4,"stat.pickup.nocubessrpnests.organicsample":2,"stat.mineBlock.minecraft.crafting_table":3,"stat.pickup.charm.suspicious_soup":2,"stat.pickup.minecraft.leather_leggings":5,"stat.mineBlock.quark.marble":9,"stat.mineBlock.minecraft.planks":12,"stat.drop":26,"stat.useItem.minecraft.wooden_sword":6,"stat.killEntity.Sheep":4,"stat.killEntity.Zombie":12,"stat.drop.minecraft.bread":1,"stat.mineBlock.minecraft.gold_ore":28,"stat.diveOneCm":27609,"stat.pickup.minecraft.wheat":8,"stat.drop.minecraft.wooden_pickaxe":1,"stat.pickup.minecraft.gravel":1,"stat.drop.minecraft.cooked_beef":1,"stat.craftItem.minecraft.cooked_porkchop":2,"stat.pickup.minecraft.stone_axe":3,"stat.pickup.toughasnails.charcoal_filter":10,"stat.jump":2535,"stat.pickup.minecraft.coal":148,"stat.pickup.minecraft.iron_helmet":5,"stat.pickup.minecraft.iron_ingot":22,"stat.useItem.minecraft.stone_axe":63,"stat.drop.minecraft.wooden_sword":1,"stat.craftItem.minecraft.bread":2,"stat.pickup.minecraft.gunpowder":2,"stat.pickup.minecraft.dirt":160,"stat.useItem.minecraft.cooked_chicken":16,"stat.pickup.minecraft.iron_ore":98,"stat.pickup.toughasnails.fruit_juice":1,"stat.pickup.minecraft.stone_shovel":1,"stat.useItem.minecraft.sapling":2,"stat.mineBlock.minecraft.iron_bars":1,"stat.pickup.minecraft.gold_ore":28,"stat.craftItem.minecraft.flint_and_steel":1,"stat.mineBlock.minecraft.lapis_ore":4,"stat.pickup.minecraft.iron_axe":8,"stat.damageTaken":3448,"stat.pickup.minecraft.leather":22,"stat.mineBlock.minecraft.furnace":2,"stat.mineBlock.minecraft.torch":1,"stat.useItem.minecraft.wooden_pickaxe":9,"stat.mineBlock.minecraft.sapling":1,"stat.pickup.srparasites.assimilated_flesh":23,"stat.pickup.minecraft.reeds":8,"stat.craftItem.cgm.workbench":1,"stat.pickup.minecraft.bed":7,"stat.pickup.minecraft.concrete":5,"stat.pickup.srparasites.canisteractive":2,"stat.pickup.srparasites.ada_bolster_drop":1,"stat.damageDealt":15431,"stat.sleepInBed":29,"stat.killEntity.Cow":2,"stat.mineBlock.quark.roots_blue_flower":1,"stat.useItem.minecraft.crafting_table":1,"stat.craftItem.minecraft.iron_sword":1,"stat.craftItem.minecraft.stone_shovel":1,"stat.walkOneCm":806191,"stat.playerKills":1,"stat.useItem.minecraft.chest":1,"stat.pickup.minecraft.stick":5,"stat.pickup.minecraft.clay_ball":4,"stat.killEntity.quark:stoneling":2,"stat.pickup.cgm.rifle":1,"stat.mineBlock.srparasites.canisteractive":2,"stat.pickup.quark.root_flower":3,"stat.drop.minecraft.leather_chestplate":1,"stat.pickup.minecraft.stone":2,"stat.craftItem.minecraft.iron_chestplate":1,"stat.pickup.minecraft.cooked_beef":86,"stat.pickup.minecraft.gold_ingot":3,"stat.killEntity.Skeleton":7,"stat.killEntity.Chicken":11,"stat.killEntity.Spider":1,"stat.mobKills":133,"stat.pickup.cgm.machine_pistol":1,"stat.pickup.minecraft.diamond":4,"stat.mineBlock.minecraft.leaves":16,"stat.pickup.minecraft.torch":95,"stat.mineBlock.srparasites.parasitecanister":8,"stat.mineBlock.minecraft.stone":142}