{"stat.useItem.minecraft.iron_axe":20,"stat.leaveGame":2,"stat.mineBlock.minecraft.cobblestone":3,"stat.pickup.minecraft.stone_pickaxe":5,"stat.drop.minecraft.red_mushroom":1,"stat.drop.minecraft.leather_helmet":1,"stat.pickup.minecraft.leather_chestplate":3,"stat.mineBlock.srparasites.gore":8,"stat.pickup.spartanweaponry.longsword_stone":1,"stat.swimOneCm":15308,"stat.climbOneCm":1722,"stat.useItem.minecraft.planks":121,"stat.pickup.minecraft.cooked_porkchop":2,"stat.pickup.minecraft.porkchop":2,"stat.mineBlock.quark.roots":1,"stat.useItem.minecraft.dirt":135,"stat.useItem.minecraft.stone_slab2":55,"stat.pickup.minecraft.rotten_flesh":4,"stat.craftItem.minecraft.furnace":3,"stat.craftItem.minecraft.stone_axe":2,"stat.mineBlock.nocubessrpnests.nestegg":1,"stat.craftItem.minecraft.iron_boots":1,"stat.drop.minecraft.leather_boots":1,"stat.craftItem.minecraft.stone_pickaxe":1,"stat.craftItem.minecraft.cooked_beef":6,"stat.pickup.minecraft.cobblestone":267,"stat.pickup.minecraft.leather_boots":3,"stat.useItem.minecraft.stone_shovel":61,"stat.craftItem.minecraft.stone_sword":1,"stat.flyOneCm":512471,"stat.pickup.quark.marble":12,"stat.drop.minecraft.wheat_seeds":1,"stat.craftItem.toughasnails.campfire":1,"stat.useItem.minecraft.cooked_beef":31,"stat.craftItem.toughasnails.charcoal_filter":3,"stat.mineBlock.futuremc.stripped_oak_log":4,"stat.pickup.quark.tallow":22,"stat.mineBlock.minecraft.iron_ore":10,"stat.timeSinceDeath":44067,"stat.useItem.minecraft.iron_pickaxe":5,"stat.craftItem.minecraft.wooden_pickaxe":1,"stat.pickup.minecraft.mutton":7,"stat.furnaceInteraction":36,"stat.drop.minecraft.flint_and_steel":1,"stat.useItem.minecraft.cooked_porkchop":2,"stat.pickup.srparasites.lurecomponent2":1,"stat.mineBlock.minecraft.coal_ore":28,"stat.pickup.srparasites.lurecomponent3":4,"stat.pickup.srparasites.lurecomponent1":16,"stat.pickup.minecraft.shield":3,"stat.killEntity.Creeper":1,"stat.talkedToVillager":4,"stat.drop.minecraft.red_flower":2,"stat.pickup.minecraft.beef":5,"stat.pickup.minecraft.furnace":4,"stat.craftItem.minecraft.stone_slab2":0,"stat.pickup.minecraft.leather_helmet":4,"stat.killEntity.Squid":7,"stat.sprintOneCm":213962,"stat.pickup.futuremc.stripped_oak_log":4,"stat.craftItem.minecraft.stick":12,"stat.killEntity.Horse":9,"stat.mineBlock.overlast.yellow_leaves":4,"stat.craftItem.toughasnails.canteen":1,"stat.useItem.minecraft.flint_and_steel":1,"stat.pickup.nocubessrpnests.organicsample":2,"stat.mineBlock.minecraft.crafting_table":3,"stat.pickup.minecraft.leather_leggings":5,"stat.mineBlock.quark.marble":6,"stat.deaths":4,"stat.mineBlock.minecraft.planks":12,"stat.drop":18,"stat.pickup.minecraft.egg":4,"stat.playOneMinute":152166,"stat.useItem.minecraft.wooden_sword":6,"stat.killEntity.Sheep":4,"stat.craftItem.minecraft.iron_pickaxe":1,"stat.pickup.minecraft.item_frame":4,"stat.killEntity.Zombie":2,"stat.pickup.minecraft.iron_bars":2,"stat.drop.minecraft.bread":1,"stat.pickup.toughasnails.canteen":5,"stat.mineBlock.minecraft.tallgrass":22,"stat.diveOneCm":24104,"stat.pickup.minecraft.wheat":8,"stat.chestOpened":32,"stat.drop.minecraft.wooden_pickaxe":1,"stat.drop.minecraft.cooked_beef":1,"stat.craftItem.minecraft.cooked_porkchop":2,"stat.pickup.minecraft.stone_axe":3,"stat.jump":1509,"stat.pickup.minecraft.coal":36,"stat.pickup.minecraft.iron_helmet":3,"stat.fallOneCm":35463,"stat.pickup.minecraft.iron_ingot":22,"stat.drop.minecraft.stone":1,"stat.useItem.minecraft.stone_axe":63,"stat.drop.minecraft.stone_sword":1,"stat.drop.minecraft.wooden_sword":1,"stat.craftItem.minecraft.bread":2,"stat.crouchOneCm":6455,"stat.craftItem.minecraft.chest":3,"stat.craftItem.minecraft.iron_ingot":20,"stat.pickup.minecraft.dirt":155,"stat.pickup.minecraft.red_mushroom":2,"stat.useItem.minecraft.cooked_chicken":4,"stat.craftingTableInteraction":21,"stat.pickup.minecraft.iron_ore":10,"stat.pickup.toughasnails.fruit_juice":1,"stat.pickup.minecraft.stone_shovel":1,"stat.useItem.minecraft.sapling":2,"stat.mineBlock.minecraft.iron_bars":1,"stat.craftItem.minecraft.flint_and_steel":1,"stat.pickup.minecraft.iron_axe":4,"stat.pickup.minecraft.wooden_pickaxe":1,"stat.damageTaken":2377,"stat.pickup.minecraft.leather":18,"stat.pickup.minecraft.feather":40,"stat.mineBlock.minecraft.furnace":2,"stat.mineBlock.minecraft.torch":1,"stat.useItem.minecraft.wooden_pickaxe":9,"stat.useItem.minecraft.furnace":1,"stat.mineBlock.minecraft.sapling":1,"stat.craftItem.minecraft.wooden_sword":1,"stat.pickup.srparasites.assimilated_flesh":13,"stat.pickup.minecraft.dye":12,"stat.pickup.minecraft.planks":79,"stat.pickup.minecraft.reeds":8,"stat.pickup.minecraft.bed":7,"stat.pickup.minecraft.wheat_seeds":11,"stat.pickup.srparasites.canisteractive":2,"stat.useItem.minecraft.stone_pickaxe":141,"stat.useItem.minecraft.stone_sword":214,"stat.craftItem.minecraft.iron_leggings":1,"stat.damageDealt":10397,"stat.sleepInBed":19,"stat.killEntity.Cow":2,"stat.mineBlock.quark.roots_blue_flower":1,"stat.mineBlock.minecraft.dirt":61,"stat.useItem.minecraft.crafting_table":1,"stat.craftItem.minecraft.iron_sword":1,"stat.craftItem.minecraft.stone_shovel":1,"stat.walkOneCm":495697,"stat.useItem.minecraft.bread":1,"stat.useItem.minecraft.torch":7,"stat.playerKills":1,"stat.useItem.minecraft.chest":1,"stat.pickup.minecraft.stick":5,"stat.pickup.minecraft.crafting_table":3,"stat.useItem.minecraft.log":3,"stat.useItem.minecraft.cobblestone":5,"stat.craftItem.minecraft.crafting_table":3,"stat.mineBlock.minecraft.double_plant":1,"stat.mineBlock.srparasites.canisteractive":1,"stat.pickup.minecraft.log":47,"stat.pickup.quark.root_flower":2,"stat.drop.minecraft.leather_chestplate":1,"stat.pickup.minecraft.stone":2,"stat.drop.minecraft.sapling":3,"stat.craftItem.minecraft.iron_chestplate":1,"stat.pickup.minecraft.chicken":11,"stat.pickup.minecraft.sapling":9,"stat.pickup.minecraft.cooked_beef":71,"stat.killEntity.Skeleton":2,"stat.mineBlock.overlast.red_leaves":1,"stat.craftItem.minecraft.planks":148,"stat.useItem.minecraft.iron_sword":75,"stat.killEntity.Chicken":11,"stat.pickup.quark.root":2,"stat.pickup.minecraft.stone_sword":7,"stat.mobKills":94,"stat.mineBlock.minecraft.log":46,"stat.craftItem.minecraft.cooked_chicken":12,"stat.drop.minecraft.leather_leggings":1,"stat.pickup.minecraft.iron_door":3,"stat.mineBlock.minecraft.leaves":16,"stat.craftItem.minecraft.paper":6,"stat.pickup.minecraft.torch":49,"stat.pickup.minecraft.red_flower":2,"stat.sneakTime":3617,"stat.mineBlock.minecraft.stone":89}