{"stats":{"minecraft:killed_by":{"jujutsucraft:cursed_spirit_grade_33":1},"minecraft:picked_up":{"jujutsucraft:uniform_normal_leggings":1,"jujutsucraft:cursed_technique_changer":1,"jujutsucraft:uniform_normal_chestplate":1,"jujutsucraft:item_insect":1,"jujutsucraft:uniform_normal_boots":1},"minecraft:killed":{"jujutsucraft:cursed_spirit_grade_33":1},"minecraft:custom":{"minecraft:jump":32,"minecraft:time_since_rest":9131,"minecraft:leave_game":1,"minecraft:damage_dealt":240,"minecraft:play_one_minute":9886,"minecraft:deaths":1,"minecraft:walk_on_water_one_cm":8660,"minecraft:sprint_one_cm":401,"minecraft:damage_taken":440,"minecraft:time_since_death":9107,"minecraft:walk_one_cm":3664,"minecraft:damage_resisted":28,"minecraft:walk_under_water_one_cm":2009,"minecraft:mob_kills":1,"minecraft:fall_one_cm":469,"minecraft:fly_one_cm":6117}},"DataVersion":2586}