{"stat.chestOpened":4,"stat.drop.minecraft.wooden_pickaxe":1,"stat.leaveGame":2,"stat.drop.minecraft.cooked_beef":1,"stat.craftItem.minecraft.cooked_porkchop":2,"stat.mineBlock.minecraft.cobblestone":2,"stat.pickup.minecraft.stone_pickaxe":4,"stat.drop.minecraft.red_mushroom":1,"stat.pickup.minecraft.stone_axe":3,"stat.drop.minecraft.leather_helmet":1,"stat.pickup.minecraft.leather_chestplate":3,"stat.mineBlock.srparasites.gore":2,"stat.pickup.spartanweaponry.longsword_stone":1,"stat.jump":985,"stat.swimOneCm":9031,"stat.pickup.minecraft.coal":35,"stat.pickup.minecraft.iron_helmet":3,"stat.fallOneCm":23713,"stat.climbOneCm":1722,"stat.useItem.minecraft.planks":121,"stat.pickup.minecraft.iron_ingot":8,"stat.drop.minecraft.stone":1,"stat.pickup.minecraft.cooked_porkchop":2,"stat.useItem.minecraft.stone_axe":63,"stat.drop.minecraft.stone_sword":1,"stat.drop.minecraft.wooden_sword":1,"stat.pickup.minecraft.porkchop":2,"stat.craftItem.minecraft.bread":2,"stat.mineBlock.quark.roots":1,"stat.crouchOneCm":5193,"stat.craftItem.minecraft.chest":2,"stat.craftItem.minecraft.iron_ingot":20,"stat.useItem.minecraft.dirt":135,"stat.pickup.minecraft.dirt":102,"stat.pickup.minecraft.red_mushroom":2,"stat.useItem.minecraft.stone_slab2":49,"stat.useItem.minecraft.cooked_chicken":4,"stat.craftingTableInteraction":13,"stat.pickup.minecraft.iron_ore":10,"stat.craftItem.minecraft.furnace":3,"stat.useItem.minecraft.sapling":1,"stat.mineBlock.minecraft.iron_bars":1,"stat.pickup.minecraft.iron_axe":3,"stat.craftItem.minecraft.stone_axe":2,"stat.drop.minecraft.leather_boots":1,"stat.pickup.minecraft.wooden_pickaxe":1,"stat.damageTaken":1357,"stat.pickup.minecraft.leather":10,"stat.pickup.minecraft.feather":18,"stat.craftItem.minecraft.stone_pickaxe":1,"stat.mineBlock.minecraft.furnace":2,"stat.useItem.minecraft.wooden_pickaxe":9,"stat.craftItem.minecraft.cooked_beef":6,"stat.useItem.minecraft.furnace":1,"stat.pickup.minecraft.cobblestone":132,"stat.craftItem.minecraft.wooden_sword":1,"stat.pickup.srparasites.assimilated_flesh":9,"stat.pickup.minecraft.leather_boots":3,"stat.pickup.minecraft.planks":68,"stat.useItem.minecraft.stone_shovel":61,"stat.craftItem.minecraft.stone_sword":1,"stat.flyOneCm":380581,"stat.pickup.minecraft.bed":7,"stat.pickup.minecraft.wheat_seeds":3,"stat.pickup.quark.marble":6,"stat.pickup.srparasites.canisteractive":1,"stat.drop.minecraft.wheat_seeds":1,"stat.useItem.minecraft.stone_pickaxe":137,"stat.useItem.minecraft.cooked_beef":9,"stat.useItem.minecraft.stone_sword":196,"stat.pickup.quark.tallow":15,"stat.damageDealt":7194,"stat.mineBlock.minecraft.iron_ore":10,"stat.sleepInBed":11,"stat.timeSinceDeath":55250,"stat.killEntity.Cow":2,"stat.mineBlock.quark.roots_blue_flower":1,"stat.mineBlock.minecraft.dirt":58,"stat.useItem.minecraft.crafting_table":1,"stat.craftItem.minecraft.wooden_pickaxe":1,"stat.craftItem.minecraft.stone_shovel":1,"stat.walkOneCm":347170,"stat.useItem.minecraft.bread":1,"stat.useItem.minecraft.torch":7,"stat.playerKills":1,"stat.useItem.minecraft.chest":1,"stat.pickup.minecraft.stick":4,"stat.pickup.minecraft.crafting_table":3,"stat.useItem.minecraft.cobblestone":4,"stat.craftItem.minecraft.crafting_table":3,"stat.furnaceInteraction":24,"stat.useItem.minecraft.cooked_porkchop":2,"stat.pickup.srparasites.lurecomponent2":1,"stat.mineBlock.minecraft.coal_ore":28,"stat.pickup.srparasites.lurecomponent3":2,"stat.mineBlock.srparasites.canisteractive":1,"stat.pickup.srparasites.lurecomponent1":6,"stat.pickup.minecraft.shield":2,"stat.talkedToVillager":4,"stat.drop.minecraft.red_flower":2,"stat.pickup.minecraft.log":37,"stat.pickup.minecraft.beef":5,"stat.pickup.quark.root_flower":1,"stat.pickup.minecraft.furnace":3,"stat.drop.minecraft.leather_chestplate":1,"stat.craftItem.minecraft.stone_slab2":0,"stat.pickup.minecraft.stone":2,"stat.drop.minecraft.sapling":1,"stat.pickup.minecraft.chicken":3,"stat.pickup.minecraft.leather_helmet":4,"stat.pickup.minecraft.sapling":6,"stat.sprintOneCm":134808,"stat.pickup.minecraft.cooked_beef":23,"stat.craftItem.minecraft.stick":8,"stat.killEntity.Skeleton":2,"stat.killEntity.Horse":9,"stat.craftItem.minecraft.planks":148,"stat.killEntity.Chicken":3,"stat.mineBlock.minecraft.crafting_table":3,"stat.pickup.quark.root":1,"stat.pickup.minecraft.stone_sword":5,"stat.mobKills":58,"stat.pickup.minecraft.leather_leggings":5,"stat.mineBlock.minecraft.log":36,"stat.craftItem.minecraft.cooked_chicken":4,"stat.mineBlock.quark.marble":6,"stat.deaths":3,"stat.mineBlock.minecraft.planks":11,"stat.drop":15,"stat.drop.minecraft.leather_leggings":1,"stat.mineBlock.minecraft.leaves":16,"stat.pickup.minecraft.egg":4,"stat.playOneMinute":107065,"stat.useItem.minecraft.wooden_sword":6,"stat.pickup.minecraft.torch":25,"stat.pickup.minecraft.red_flower":2,"stat.sneakTime":2899,"stat.pickup.minecraft.item_frame":4,"stat.pickup.minecraft.iron_bars":2,"stat.drop.minecraft.bread":1,"stat.pickup.toughasnails.canteen":4,"stat.mineBlock.minecraft.stone":89,"stat.mineBlock.minecraft.tallgrass":14,"stat.diveOneCm":3741,"stat.pickup.minecraft.wheat":8}