{"stat.useItem.minecraft.iron_axe":21,"stat.leaveGame":2,"stat.mineBlock.minecraft.cobblestone":4,"stat.pickup.minecraft.stone_pickaxe":6,"stat.drop.minecraft.red_mushroom":1,"stat.drop.minecraft.leather_helmet":1,"stat.pickup.minecraft.leather_chestplate":4,"stat.mineBlock.srparasites.gore":8,"stat.mineBlock.minecraft.concrete":5,"stat.pickup.spartanweaponry.longsword_stone":1,"stat.pickup.srparasites.parasitecanister":2,"stat.swimOneCm":16274,"stat.useItem.minecraft.concrete_powder":4,"stat.climbOneCm":1722,"stat.useItem.minecraft.planks":121,"stat.pickup.minecraft.cooked_porkchop":2,"stat.pickup.minecraft.porkchop":2,"stat.drop.minecraft.wooden_door":2,"stat.mineBlock.quark.roots":1,"stat.useItem.minecraft.dirt":135,"stat.useItem.minecraft.stone_slab2":60,"stat.pickup.minecraft.iron_boots":2,"stat.pickup.minecraft.rotten_flesh":8,"stat.craftItem.minecraft.furnace":3,"stat.craftItem.minecraft.stone_axe":2,"stat.mineBlock.nocubessrpnests.nestegg":1,"stat.craftItem.minecraft.iron_boots":1,"stat.drop.minecraft.leather_boots":1,"stat.craftItem.minecraft.stone_pickaxe":1,"stat.craftItem.minecraft.cooked_beef":6,"stat.pickup.minecraft.cobblestone":300,"stat.pickup.minecraft.leather_boots":3,"stat.useItem.minecraft.stone_shovel":61,"stat.craftItem.minecraft.stone_sword":1,"stat.flyOneCm":601340,"stat.pickup.quark.marble":14,"stat.drop.minecraft.wheat_seeds":1,"stat.craftItem.toughasnails.campfire":1,"stat.useItem.minecraft.cooked_beef":43,"stat.craftItem.toughasnails.charcoal_filter":9,"stat.mineBlock.futuremc.stripped_oak_log":4,"stat.pickup.quark.tallow":22,"stat.mineBlock.minecraft.iron_ore":21,"stat.timeSinceDeath":19288,"stat.useItem.minecraft.iron_pickaxe":73,"stat.craftItem.minecraft.wooden_pickaxe":1,"stat.pickup.minecraft.mutton":7,"stat.furnaceInteraction":52,"stat.drop.minecraft.flint_and_steel":1,"stat.useItem.minecraft.cooked_porkchop":2,"stat.pickup.srparasites.lurecomponent2":1,"stat.mineBlock.minecraft.coal_ore":46,"stat.pickup.srparasites.lurecomponent3":4,"stat.pickup.srparasites.lurecomponent1":16,"stat.pickup.minecraft.shield":4,"stat.killEntity.Creeper":1,"stat.talkedToVillager":4,"stat.drop.minecraft.red_flower":2,"stat.pickup.minecraft.beef":5,"stat.pickup.minecraft.furnace":4,"stat.craftItem.minecraft.stone_slab2":0,"stat.pickup.minecraft.leather_helmet":7,"stat.killEntity.Squid":7,"stat.sprintOneCm":272088,"stat.pickup.futuremc.stripped_oak_log":4,"stat.pickup.minecraft.iron_chestplate":2,"stat.craftItem.minecraft.stick":12,"stat.killEntity.Horse":10,"stat.mineBlock.overlast.yellow_leaves":4,"stat.craftItem.toughasnails.canteen":6,"stat.useItem.minecraft.flint_and_steel":1,"stat.pickup.nocubessrpnests.organicsample":2,"stat.mineBlock.minecraft.crafting_table":3,"stat.pickup.minecraft.leather_leggings":5,"stat.mineBlock.quark.marble":9,"stat.deaths":6,"stat.mineBlock.minecraft.planks":12,"stat.drop":22,"stat.pickup.minecraft.egg":4,"stat.playOneMinute":200766,"stat.useItem.minecraft.wooden_sword":6,"stat.killEntity.Sheep":4,"stat.craftItem.minecraft.iron_pickaxe":1,"stat.pickup.minecraft.item_frame":4,"stat.killEntity.Zombie":4,"stat.pickup.minecraft.iron_bars":2,"stat.drop.minecraft.bread":1,"stat.pickup.toughasnails.canteen":14,"stat.mineBlock.minecraft.tallgrass":23,"stat.craftItem.minecraft.cooked_mutton":15,"stat.diveOneCm":24312,"stat.pickup.minecraft.wheat":8,"stat.pickup.minecraft.cooked_mutton":30,"stat.chestOpened":52,"stat.drop.minecraft.wooden_pickaxe":1,"stat.pickup.minecraft.iron_sword":2,"stat.drop.minecraft.cooked_beef":1,"stat.craftItem.minecraft.cooked_porkchop":2,"stat.pickup.minecraft.stone_axe":3,"stat.pickup.toughasnails.charcoal_filter":10,"stat.craftItem.minecraft.coal":3,"stat.jump":1885,"stat.pickup.minecraft.coal":54,"stat.pickup.minecraft.iron_helmet":5,"stat.pickup.minecraft.cooked_chicken":16,"stat.fallOneCm":44512,"stat.pickup.minecraft.iron_ingot":22,"stat.drop.minecraft.stone":1,"stat.drop.toughasnails.canteen":2,"stat.useItem.minecraft.stone_axe":63,"stat.drop.minecraft.stone_sword":1,"stat.drop.minecraft.wooden_sword":1,"stat.craftItem.minecraft.bread":2,"stat.crouchOneCm":8700,"stat.craftItem.minecraft.chest":3,"stat.craftItem.minecraft.iron_ingot":31,"stat.pickup.minecraft.dirt":155,"stat.pickup.minecraft.red_mushroom":3,"stat.useItem.minecraft.cooked_chicken":4,"stat.craftingTableInteraction":26,"stat.pickup.minecraft.iron_ore":21,"stat.pickup.toughasnails.fruit_juice":1,"stat.pickup.minecraft.stone_shovel":1,"stat.useItem.minecraft.sapling":2,"stat.mineBlock.minecraft.iron_bars":1,"stat.craftItem.minecraft.flint_and_steel":1,"stat.pickup.minecraft.iron_axe":6,"stat.pickup.minecraft.wooden_pickaxe":1,"stat.damageTaken":2922,"stat.pickup.minecraft.leather":22,"stat.pickup.minecraft.feather":40,"stat.mineBlock.minecraft.furnace":2,"stat.mineBlock.minecraft.torch":1,"stat.useItem.minecraft.wooden_pickaxe":9,"stat.useItem.minecraft.furnace":1,"stat.mineBlock.minecraft.sapling":1,"stat.craftItem.minecraft.wooden_sword":1,"stat.pickup.srparasites.assimilated_flesh":17,"stat.pickup.minecraft.dye":12,"stat.pickup.minecraft.planks":117,"stat.pickup.minecraft.reeds":8,"stat.pickup.minecraft.iron_leggings":2,"stat.craftItem.cgm.workbench":1,"stat.pickup.minecraft.bed":7,"stat.pickup.minecraft.concrete":5,"stat.pickup.minecraft.wheat_seeds":11,"stat.pickup.srparasites.canisteractive":2,"stat.useItem.minecraft.stone_pickaxe":141,"stat.useItem.minecraft.stone_sword":214,"stat.craftItem.minecraft.iron_leggings":1,"stat.damageDealt":11270,"stat.sleepInBed":26,"stat.killEntity.Cow":2,"stat.mineBlock.quark.roots_blue_flower":1,"stat.mineBlock.minecraft.dirt":61,"stat.useItem.minecraft.crafting_table":1,"stat.craftItem.minecraft.iron_sword":1,"stat.craftItem.minecraft.stone_shovel":1,"stat.pickup.minecraft.flint_and_steel":1,"stat.walkOneCm":605175,"stat.useItem.minecraft.bread":1,"stat.useItem.minecraft.torch":13,"stat.playerKills":1,"stat.useItem.minecraft.chest":1,"stat.pickup.minecraft.stick":5,"stat.pickup.minecraft.crafting_table":3,"stat.useItem.minecraft.log":3,"stat.useItem.minecraft.cobblestone":80,"stat.craftItem.minecraft.crafting_table":3,"stat.mineBlock.minecraft.double_plant":1,"stat.mineBlock.srparasites.canisteractive":1,"stat.pickup.minecraft.log":48,"stat.pickup.quark.root_flower":2,"stat.pickup.minecraft.iron_pickaxe":2,"stat.drop.minecraft.leather_chestplate":1,"stat.pickup.minecraft.stone":2,"stat.drop.minecraft.sapling":3,"stat.craftItem.minecraft.iron_chestplate":1,"stat.pickup.minecraft.chicken":11,"stat.pickup.minecraft.sapling":9,"stat.pickup.minecraft.wooden_door":4,"stat.pickup.minecraft.cooked_beef":86,"stat.killEntity.Skeleton":2,"stat.mineBlock.overlast.red_leaves":1,"stat.craftItem.minecraft.planks":148,"stat.useItem.minecraft.iron_sword":97,"stat.killEntity.Chicken":11,"stat.pickup.quark.root":2,"stat.pickup.minecraft.stone_sword":8,"stat.mobKills":98,"stat.mineBlock.minecraft.log":46,"stat.craftItem.minecraft.cooked_chicken":12,"stat.drop.minecraft.leather_leggings":1,"stat.pickup.minecraft.iron_door":3,"stat.mineBlock.minecraft.leaves":16,"stat.craftItem.minecraft.paper":6,"stat.pickup.minecraft.torch":93,"stat.mineBlock.srparasites.parasitecanister":1,"stat.pickup.minecraft.red_flower":2,"stat.sneakTime":4558,"stat.mineBlock.minecraft.stone":118}