{"stat.leaveGame":2,"stat.mineBlock.minecraft.cobblestone":2,"stat.pickup.minecraft.stone_pickaxe":5,"stat.drop.minecraft.red_mushroom":1,"stat.drop.minecraft.leather_helmet":1,"stat.pickup.minecraft.leather_chestplate":3,"stat.mineBlock.srparasites.gore":5,"stat.pickup.spartanweaponry.longsword_stone":1,"stat.swimOneCm":9031,"stat.climbOneCm":1722,"stat.useItem.minecraft.planks":121,"stat.pickup.minecraft.cooked_porkchop":2,"stat.pickup.minecraft.porkchop":2,"stat.mineBlock.quark.roots":1,"stat.useItem.minecraft.dirt":135,"stat.useItem.minecraft.stone_slab2":51,"stat.pickup.minecraft.rotten_flesh":4,"stat.craftItem.minecraft.furnace":3,"stat.craftItem.minecraft.stone_axe":2,"stat.craftItem.minecraft.iron_boots":1,"stat.drop.minecraft.leather_boots":1,"stat.craftItem.minecraft.stone_pickaxe":1,"stat.craftItem.minecraft.cooked_beef":6,"stat.pickup.minecraft.cobblestone":266,"stat.pickup.minecraft.leather_boots":3,"stat.useItem.minecraft.stone_shovel":61,"stat.craftItem.minecraft.stone_sword":1,"stat.flyOneCm":430117,"stat.pickup.quark.marble":12,"stat.drop.minecraft.wheat_seeds":1,"stat.useItem.minecraft.cooked_beef":16,"stat.pickup.quark.tallow":22,"stat.mineBlock.minecraft.iron_ore":10,"stat.timeSinceDeath":19767,"stat.craftItem.minecraft.wooden_pickaxe":1,"stat.furnaceInteraction":33,"stat.useItem.minecraft.cooked_porkchop":2,"stat.pickup.srparasites.lurecomponent2":1,"stat.mineBlock.minecraft.coal_ore":28,"stat.pickup.srparasites.lurecomponent3":4,"stat.pickup.srparasites.lurecomponent1":13,"stat.pickup.minecraft.shield":3,"stat.killEntity.Creeper":1,"stat.talkedToVillager":4,"stat.drop.minecraft.red_flower":2,"stat.pickup.minecraft.beef":5,"stat.pickup.minecraft.furnace":4,"stat.craftItem.minecraft.stone_slab2":0,"stat.pickup.minecraft.leather_helmet":4,"stat.sprintOneCm":172651,"stat.craftItem.minecraft.stick":12,"stat.killEntity.Horse":9,"stat.mineBlock.minecraft.crafting_table":3,"stat.pickup.minecraft.leather_leggings":5,"stat.mineBlock.quark.marble":6,"stat.deaths":4,"stat.mineBlock.minecraft.planks":11,"stat.drop":15,"stat.pickup.minecraft.egg":4,"stat.playOneMinute":127866,"stat.useItem.minecraft.wooden_sword":6,"stat.craftItem.minecraft.iron_pickaxe":1,"stat.pickup.minecraft.item_frame":4,"stat.killEntity.Zombie":2,"stat.pickup.minecraft.iron_bars":2,"stat.drop.minecraft.bread":1,"stat.pickup.toughasnails.canteen":5,"stat.mineBlock.minecraft.tallgrass":18,"stat.diveOneCm":3741,"stat.pickup.minecraft.wheat":8,"stat.chestOpened":14,"stat.drop.minecraft.wooden_pickaxe":1,"stat.drop.minecraft.cooked_beef":1,"stat.craftItem.minecraft.cooked_porkchop":2,"stat.pickup.minecraft.stone_axe":3,"stat.jump":1184,"stat.pickup.minecraft.coal":35,"stat.pickup.minecraft.iron_helmet":3,"stat.fallOneCm":27895,"stat.pickup.minecraft.iron_ingot":22,"stat.drop.minecraft.stone":1,"stat.useItem.minecraft.stone_axe":63,"stat.drop.minecraft.stone_sword":1,"stat.drop.minecraft.wooden_sword":1,"stat.craftItem.minecraft.bread":2,"stat.crouchOneCm":5991,"stat.craftItem.minecraft.chest":2,"stat.craftItem.minecraft.iron_ingot":20,"stat.pickup.minecraft.dirt":155,"stat.pickup.minecraft.red_mushroom":2,"stat.useItem.minecraft.cooked_chicken":4,"stat.craftingTableInteraction":15,"stat.pickup.minecraft.iron_ore":10,"stat.pickup.toughasnails.fruit_juice":1,"stat.pickup.minecraft.stone_shovel":1,"stat.useItem.minecraft.sapling":1,"stat.mineBlock.minecraft.iron_bars":1,"stat.pickup.minecraft.iron_axe":4,"stat.pickup.minecraft.wooden_pickaxe":1,"stat.damageTaken":1693,"stat.pickup.minecraft.leather":18,"stat.pickup.minecraft.feather":28,"stat.mineBlock.minecraft.furnace":2,"stat.useItem.minecraft.wooden_pickaxe":9,"stat.useItem.minecraft.furnace":1,"stat.craftItem.minecraft.wooden_sword":1,"stat.pickup.srparasites.assimilated_flesh":13,"stat.pickup.minecraft.planks":78,"stat.pickup.minecraft.bed":7,"stat.pickup.minecraft.wheat_seeds":11,"stat.pickup.srparasites.canisteractive":2,"stat.useItem.minecraft.stone_pickaxe":141,"stat.useItem.minecraft.stone_sword":214,"stat.craftItem.minecraft.iron_leggings":1,"stat.damageDealt":7898,"stat.sleepInBed":16,"stat.killEntity.Cow":2,"stat.mineBlock.quark.roots_blue_flower":1,"stat.mineBlock.minecraft.dirt":61,"stat.useItem.minecraft.crafting_table":1,"stat.craftItem.minecraft.iron_sword":1,"stat.craftItem.minecraft.stone_shovel":1,"stat.walkOneCm":419876,"stat.useItem.minecraft.bread":1,"stat.useItem.minecraft.torch":7,"stat.playerKills":1,"stat.useItem.minecraft.chest":1,"stat.pickup.minecraft.stick":4,"stat.pickup.minecraft.crafting_table":3,"stat.useItem.minecraft.cobblestone":4,"stat.craftItem.minecraft.crafting_table":3,"stat.mineBlock.srparasites.canisteractive":1,"stat.pickup.minecraft.log":37,"stat.pickup.quark.root_flower":2,"stat.drop.minecraft.leather_chestplate":1,"stat.pickup.minecraft.stone":2,"stat.drop.minecraft.sapling":1,"stat.craftItem.minecraft.iron_chestplate":1,"stat.pickup.minecraft.chicken":3,"stat.pickup.minecraft.sapling":6,"stat.pickup.minecraft.cooked_beef":71,"stat.killEntity.Skeleton":2,"stat.craftItem.minecraft.planks":148,"stat.useItem.minecraft.iron_sword":3,"stat.killEntity.Chicken":3,"stat.pickup.quark.root":2,"stat.pickup.minecraft.stone_sword":6,"stat.mobKills":63,"stat.mineBlock.minecraft.log":36,"stat.craftItem.minecraft.cooked_chicken":4,"stat.drop.minecraft.leather_leggings":1,"stat.pickup.minecraft.iron_door":3,"stat.mineBlock.minecraft.leaves":16,"stat.pickup.minecraft.torch":48,"stat.pickup.minecraft.red_flower":2,"stat.sneakTime":3067,"stat.mineBlock.minecraft.stone":89}