{"stats":{"minecraft:custom":{"minecraft:mob_kills":145,"minecraft:play_one_minute":62011,"minecraft:damage_dealt_resisted":60630,"minecraft:leave_game":3,"minecraft:time_since_death":35966,"minecraft:damage_resisted":10944,"minecraft:time_since_rest":35995,"minecraft:sprint_one_cm":88911,"minecraft:walk_one_cm":223029,"minecraft:damage_taken":6699,"minecraft:damage_absorbed":310,"minecraft:drop":51,"minecraft:damage_dealt":806,"minecraft:damage_dealt_absorbed":53,"minecraft:swim_one_cm":1852,"minecraft:fly_one_cm":467717,"minecraft:player_kills":3,"minecraft:deaths":6,"minecraft:sneak_time":11,"minecraft:walk_under_water_one_cm":6565,"minecraft:jump":799,"minecraft:walk_on_water_one_cm":24759,"minecraft:fall_one_cm":44026},"minecraft:mined":{"minecraft:dark_oak_log":1,"minecraft:grass_block":1,"minecraft:tall_grass":5,"minecraft:grass":7},"minecraft:killed":{"jujutsucraft:cursed_spirit_grade_32":2,"jujutsucraft:dagon_2":1,"jujutsucraft:cursed_spirit_grade_31":2,"jujutsucraft:cursed_spirit_grade_33":4,"minecraft:pig":3,"jujutsucraft:max_elephant":1,"jujutsucraft:zenin_naoya":1,"minecraft:salmon":39,"minecraft:spider":3,"minecraft:bat":11,"jujutsucraft:sea_serpent_1":1,"jujutsucraft:cursed_spirit_grade_22":1,"minecraft:creeper":5,"jujutsucraft:itadori_yuji":2,"minecraft:squid":11,"jujutsucraft:polymorphic_soul_isomer":3,"minecraft:sheep":6,"minecraft:skeleton":5,"jujutsucraft:cursed_spirit_grade_39":5,"jujutsucraft:body_repel":14,"minecraft:zombie":8,"jujutsucraft:cursed_spirit_grade_310":2,"jujutsucraft:sukuna_perfect":1,"minecraft:drowned":1,"jujutsucraft:cursed_spirit_grade_38":2,"jujutsucraft:cursed_spirit_grade_34":3,"jujutsucraft:transfigured_human_1":1,"jujutsucraft:mei_mei":1,"minecraft:enderman":1,"minecraft:cow":5},"minecraft:used":{"minecraft:white_wool":1,"jujutsucraft:sukuna_perfect_spawn_egg":1,"minecraft:dirt":1,"jujutsucraft:sukuna_finger":25},"minecraft:killed_by":{"jujutsucraft:awasaka_jiro":1,"jujutsucraft:cursed_spirit_grade_33":1,"jujutsucraft:kashimo_hajime":3,"jujutsucraft:fushiguro_toji":1},"minecraft:picked_up":{"jujutsucraft:recommendation_2":1,"minecraft:feather":3,"minecraft:chicken":6,"jujutsucraft:uniform_gojo_boots":1,"minecraft:leather":2,"jujutsucraft:uniform_normal_boots":2,"jujutsucraft:cursed_technique_changer":1,"jujutsucraft:item_master_physical_gifted":2,"minecraft:gunpowder":2,"minecraft:dirt":3,"jujutsucraft:uniform_normal_leggings":2,"minecraft:bone":3,"minecraft:wheat_seeds":1,"minecraft:dark_oak_leaves":2,"minecraft:beef":11,"minecraft:sugar_cane":2,"minecraft:egg":5,"minecraft:dark_oak_sapling":2,"minecraft:stick":5,"minecraft:stone":5,"jujutsucraft:item_insect":1,"minecraft:porkchop":7,"jujutsucraft:uniform_gojo_leggings":1,"jujutsucraft:uniform_normal_chestplate":2,"minecraft:diorite":1,"jujutsucraft:uniform_gojo_chestplate":1,"minecraft:ink_sac":2,"jujutsucraft:uniform_gojo_helmet":1,"minecraft:grass_block":3,"minecraft:dark_oak_log":2,"minecraft:arrow":4,"minecraft:rotten_flesh":11,"minecraft:grass":1,"jujutsucraft:uniform_okkotsu_chestplate":1,"minecraft:mutton":7,"jujutsucraft:item_master_six_eyes":1,"minecraft:cobblestone":1,"minecraft:white_wool":3},"minecraft:dropped":{"jujutsucraft:uniform_gojo_boots":1,"minecraft:wheat_seeds":1,"jujutsucraft:item_master_six_eyes":2,"jujutsucraft:item_master_simple_domain":1,"minecraft:dark_oak_sapling":1,"jujutsucraft:uniform_gojo_leggings":1,"jujutsucraft:cursed_technique_changer":3,"minecraft:feather":3,"minecraft:rotten_flesh":6,"minecraft:grass":1,"minecraft:gunpowder":2,"jujutsucraft:recommendation_2":3,"jujutsucraft:recommendation_1":6,"jujutsucraft:item_master_domain_expansion":1,"minecraft:ink_sac":2,"minecraft:mutton":4,"jujutsucraft:item_master_physical_gifted":3,"jujutsucraft:uniform_gojo_helmet":1,"minecraft:arrow":3,"jujutsucraft:item_master_reverse_cursed_technique":1,"minecraft:white_wool":1,"jujutsucraft:uniform_gojo_chestplate":1,"minecraft:egg":5}},"DataVersion":2586}