{"stats":{"minecraft:killed_by":{"minecraft:zombie":1},"minecraft:dropped":{"minecraft:cooked_beef":4,"minecraft:black_wool":1,"minecraft:spruce_sapling":1},"minecraft:killed":{"minecraft:wolf":1,"minecraft:sheep":1,"minecraft:skeleton":4,"minecraft:zombie":11,"minecraft:chicken":1,"minecraft:llama":1,"minecraft:cow":10},"minecraft:crafted":{"minecraft:cooked_beef":15,"blockarmor:cobblestone_boots":1,"minecraft:iron_nugget":9,"minecraft:spruce_planks":4,"blockarmor:cobblestone_helmet":1,"minecraft:furnace":2,"epicfight:stone_greatsword":1,"minecraft:air":0,"epicfight:knuckle":1,"blockarmor:cobblestone_chestplate":1,"blockarmor:cobblestone_leggings":1},"minecraft:mined":{"minecraft:crafting_table":1,"minecraft:grass_block":1,"minecraft:spruce_leaves":2,"minecraft:wall_torch":1,"minecraft:spawner":1,"easy_steel:bornite_ore":11,"minecraft:furnace":2,"minecraft:iron_ore":1,"minecraft:spruce_log":17,"minecraft:stripped_spruce_log":1,"minecraft:pumpkin":8,"minecraft:coal_ore":20,"minecraft:stone":69},"minecraft:custom":{"minecraft:interact_with_furnace":9,"minecraft:mob_kills":29,"minecraft:interact_with_crafting_table":8,"minecraft:play_one_minute":46472,"minecraft:leave_game":2,"minecraft:time_since_death":34225,"minecraft:sleep_in_bed":1,"minecraft:time_since_rest":9460,"minecraft:sprint_one_cm":81346,"minecraft:damage_taken":1715,"minecraft:walk_one_cm":185556,"minecraft:drop":6,"minecraft:damage_dealt":389,"minecraft:damage_dealt_absorbed":104,"minecraft:fly_one_cm":101823,"minecraft:open_chest":3,"minecraft:crouch_one_cm":4152,"minecraft:deaths":1,"minecraft:sneak_time":1024,"minecraft:jump":635,"minecraft:walk_on_water_one_cm":403,"minecraft:fall_one_cm":25686},"minecraft:used":{"minecraft:cooked_mutton":2,"epicfight:skillbook":1,"minecraft:stone_pickaxe":105,"minecraft:rotten_flesh":4,"minecraft:torch":1,"minecraft:dirt":1,"minecraft:spruce_log":17,"alexsmobs:maggot":2,"epicfight:knuckle":29,"minecraft:bread":1,"epicfight:stone_greatsword":26,"minecraft:stone_axe":21,"minecraft:furnace":3,"alexsmobs:animal_dictionary":4,"minecraft:cooked_beef":11},"minecraft:picked_up":{"minecraft:crafting_table":1,"minecraft:feather":2,"minecraft:chicken":1,"minecraft:leather":9,"minecraft:oak_log":1,"minecraft:gunpowder":1,"easy_steel:bornite_ore":11,"minecraft:dirt":1,"minecraft:cooked_mutton":2,"minecraft:bone":4,"minecraft:bow":1,"minecraft:beef":24,"minecraft:iron_ingot":2,"minecraft:stone_pickaxe":1,"minecraft:iron_ore":1,"minecraft:furnace":2,"minecraft:stick":3,"minecraft:pumpkin":8,"minecraft:torch":2,"epicfight:skillbook":1,"minecraft:stripped_spruce_log":1,"minecraft:spruce_sapling":7,"minecraft:spruce_log":16,"minecraft:arrow":3,"minecraft:rotten_flesh":18,"minecraft:stone_axe":1,"alexsmobs:maggot":2,"minecraft:oak_sapling":1,"minecraft:black_wool":1,"minecraft:mutton":2,"minecraft:coal":42,"minecraft:cobblestone":70}},"DataVersion":2586}