{
  "minecraft:recipes/tools/fishing_rod": {
    "criteria": {
      "has_string": "2024-10-27 00:06:19 +0000"
    },
    "done": true
  },
  "minecraft:recipes/decorations/smoker": {
    "criteria": {
      "has_furnace": "2024-10-26 23:57:08 +0000"
    },
    "done": true
  },
  "minecraft:recipes/food/cooked_mutton_from_campfire_cooking": {
    "criteria": {
      "has_mutton": "2024-10-27 00:02:39 +0000"
    },
    "done": true
  },
  "minecraft:recipes/building_blocks/purple_wool": {
    "criteria": {
      "has_white_wool": "2024-10-27 00:02:39 +0000"
    },
    "done": true
  },
  "minecraft:recipes/redstone/lever": {
    "criteria": {
      "has_cobblestone": "2024-10-26 23:54:31 +0000"
    },
    "done": true
  },
  "minecraft:recipes/building_blocks/cobblestone_stairs_from_cobblestone_stonecutting": {
    "criteria": {
      "has_cobblestone": "2024-10-26 23:54:31 +0000"
    },
    "done": true
  },
  "minecraft:recipes/combat/iron_sword": {
    "criteria": {
      "has_iron_ingot": "2024-10-27 00:22:02 +0000"
    },
    "done": true
  },
  "minecraft:recipes/redstone/spruce_door": {
    "criteria": {
      "has_planks": "2024-10-26 23:52:03 +0000"
    },
    "done": true
  },
  "minecraft:recipes/building_blocks/polished_andesite_stairs_from_andesite_stonecutting": {
    "criteria": {
      "has_andesite": "2024-10-27 00:27:58 +0000"
    },
    "done": true
  },
  "minecraft:recipes/decorations/white_bed": {
    "criteria": {
      "has_white_wool": "2024-10-27 00:02:39 +0000"
    },
    "done": true
  },
  "armorplus:recipes/armorplus.weapons/crafting/shaped/lapis/lapis_pickaxe": {
    "criteria": {
      "has_req": "2024-10-26 23:51:51 +0000"
    },
    "done": true
  },
  "minecraft:recipes/tools/iron_pickaxe": {
    "criteria": {
      "has_iron_ingot": "2024-10-27 00:22:02 +0000"
    },
    "done": true
  },
  "minecraft:recipes/redstone/spruce_fence_gate": {
    "criteria": {
      "has_planks": "2024-10-26 23:52:03 +0000"
    },
    "done": true
  },
  "minecraft:recipes/combat/leather_helmet": {
    "criteria": {
      "has_leather": "2024-10-26 23:49:28 +0000"
    },
    "done": true
  },
  "minecraft:recipes/building_blocks/magenta_wool": {
    "criteria": {
      "has_white_wool": "2024-10-27 00:02:39 +0000"
    },
    "done": true
  },
  "minecraft:recipes/decorations/campfire": {
    "criteria": {
      "has_stick": "2024-10-26 23:51:51 +0000"
    },
    "done": true
  },
  "minecraft:recipes/decorations/crafting_table": {
    "criteria": {
      "has_planks": "2024-10-26 23:52:03 +0000"
    },
    "done": true
  },
  "minecraft:recipes/food/bread": {
    "criteria": {
      "has_wheat": "2024-10-27 00:29:03 +0000"
    },
    "done": true
  },
  "minecraft:recipes/building_blocks/diorite_slab_from_diorite_stonecutting": {
    "criteria": {
      "has_diorite": "2024-10-27 00:03:22 +0000"
    },
    "done": true
  },
  "minecraft:recipes/decorations/ladder": {
    "criteria": {
      "has_stick": "2024-10-26 23:51:51 +0000"
    },
    "done": true
  },
  "minecraft:recipes/misc/iron_nugget": {
    "criteria": {
      "has_iron_ingot": "2024-10-27 00:22:02 +0000"
    },
    "done": true
  },
  "armorplus:recipes/armorplus.items/crafting/shaped/guardian/guardian_bow_base": {
    "criteria": {
      "has_req": "2024-10-27 00:06:19 +0000"
    },
    "done": true
  },
  "minecraft:recipes/decorations/chest": {
    "criteria": {
      "has_lots_of_items": "2024-10-26 23:53:39 +0000"
    },
    "done": true
  },
  "minecraft:recipes/redstone/spruce_button": {
    "criteria": {
      "has_planks": "2024-10-26 23:52:03 +0000"
    },
    "done": true
  },
  "minecraft:recipes/tools/wooden_shovel": {
    "criteria": {
      "has_stick": "2024-10-26 23:51:51 +0000"
    },
    "done": true
  },
  "minecraft:recipes/decorations/torch": {
    "criteria": {
      "has_stone_pickaxe": "2024-10-26 23:55:45 +0000"
    },
    "done": true
  },
  "minecraft:recipes/building_blocks/cyan_wool": {
    "criteria": {
      "has_white_wool": "2024-10-27 00:02:39 +0000"
    },
    "done": true
  },
  "minecraft:recipes/tools/shears": {
    "criteria": {
      "has_iron_ingot": "2024-10-27 00:22:02 +0000"
    },
    "done": true
  },
  "minecraft:recipes/misc/stick": {
    "criteria": {
      "has_planks": "2024-10-26 23:52:03 +0000"
    },
    "done": true
  },
  "minecraft:recipes/misc/iron_ingot_from_blasting": {
    "criteria": {
      "has_iron_ore": "2024-10-27 00:01:43 +0000"
    },
    "done": true
  },
  "minecraft:recipes/transportation/spruce_boat": {
    "criteria": {
      "in_water": "2024-10-27 00:08:44 +0000"
    },
    "done": true
  },
  "armorplus:recipes/armorplus.armors/crafting/shaped/chicken/chicken_helmet_alt": {
    "criteria": {
      "has_req": "2024-10-27 00:16:34 +0000"
    },
    "done": true
  },
  "minecraft:recipes/food/cake": {
    "criteria": {
      "has_egg": "2024-10-27 00:09:09 +0000"
    },
    "done": true
  },
  "minecraft:recipes/building_blocks/gray_wool": {
    "criteria": {
      "has_white_wool": "2024-10-27 00:02:39 +0000"
    },
    "done": true
  },
  "minecraft:recipes/building_blocks/polished_granite_from_granite_stonecutting": {
    "criteria": {
      "has_granite": "2024-10-27 00:36:50 +0000"
    },
    "done": true
  },
  "minecraft:recipes/combat/iron_leggings": {
    "criteria": {
      "has_iron_ingot": "2024-10-27 00:22:02 +0000"
    },
    "done": true
  },
  "minecraft:husbandry/balanced_diet": {
    "criteria": {
      "cooked_porkchop": "2024-10-27 00:18:28 +0000",
      "cooked_mutton": "2024-10-27 00:04:21 +0000",
      "cooked_beef": "2024-10-26 23:57:26 +0000",
      "porkchop": "2024-10-26 23:52:33 +0000",
      "apple": "2024-10-27 00:17:55 +0000",
      "mutton": "2024-10-27 00:10:03 +0000",
      "bread": "2024-10-27 00:00:29 +0000"
    },
    "done": false
  },
  "minecraft:recipes/tools/wooden_hoe": {
    "criteria": {
      "has_stick": "2024-10-26 23:51:51 +0000"
    },
    "done": true
  },
  "minecraft:recipes/combat/shield": {
    "criteria": {
      "has_iron_ingot": "2024-10-27 00:22:02 +0000"
    },
    "done": true
  },
  "minecraft:recipes/building_blocks/cobblestone_slab": {
    "criteria": {
      "has_cobblestone": "2024-10-26 23:54:31 +0000"
    },
    "done": true
  },
  "minecraft:recipes/misc/bucket": {
    "criteria": {
      "has_iron_ingot": "2024-10-27 00:22:02 +0000"
    },
    "done": true
  },
  "minecraft:recipes/decorations/gray_bed": {
    "criteria": {
      "has_gray_wool": "2024-10-27 00:02:43 +0000"
    },
    "done": true
  },
  "minecraft:recipes/building_blocks/diorite_slab": {
    "criteria": {
      "has_diorite": "2024-10-27 00:03:22 +0000"
    },
    "done": true
  },
  "minecraft:recipes/building_blocks/cobblestone_stairs": {
    "criteria": {
      "has_cobblestone": "2024-10-26 23:54:31 +0000"
    },
    "done": true
  },
  "minecraft:recipes/redstone/hopper": {
    "criteria": {
      "has_iron_ingot": "2024-10-27 00:22:02 +0000"
    },
    "done": true
  },
  "armorplus:recipes/armorplus.weapons/crafting/shaped/obsidian/obsidian_sword": {
    "criteria": {
      "has_req": "2024-10-26 23:51:51 +0000"
    },
    "done": true
  },
  "minecraft:recipes/decorations/granite_wall": {
    "criteria": {
      "has_granite": "2024-10-27 00:36:50 +0000"
    },
    "done": true
  },
  "armorplus:recipes/armorplus.weapons/crafting/shaped/redstone/redstone_bow": {
    "criteria": {
      "has_req": "2024-10-27 00:06:19 +0000"
    },
    "done": true
  },
  "minecraft:recipes/decorations/white_banner": {
    "criteria": {
      "has_white_wool": "2024-10-27 00:02:39 +0000"
    },
    "done": true
  },
  "armorplus:recipes/armorplus.items/crafting/shaped/guardian/guardian_bow_base_alt": {
    "criteria": {
      "has_req": "2024-10-27 00:06:19 +0000"
    },
    "done": true
  },
  "minecraft:recipes/building_blocks/hay_block": {
    "criteria": {
      "has_wheat": "2024-10-27 00:29:03 +0000"
    },
    "done": true
  },
  "minecraft:recipes/misc/leather_horse_armor": {
    "criteria": {
      "has_leather": "2024-10-26 23:49:28 +0000"
    },
    "done": true
  },
  "minecraft:recipes/combat/leather_leggings": {
    "criteria": {
      "has_leather": "2024-10-26 23:49:28 +0000"
    },
    "done": true
  },
  "armorplus:recipes/armorplus.weapons/crafting/shaped/infused_lava/infused_lava_pickaxe": {
    "criteria": {
      "has_req": "2024-10-26 23:51:51 +0000"
    },
    "done": true
  },
  "minecraft:recipes/combat/iron_helmet": {
    "criteria": {
      "has_iron_ingot": "2024-10-27 00:22:02 +0000"
    },
    "done": true
  },
  "minecraft:recipes/combat/bow": {
    "criteria": {
      "has_string": "2024-10-27 00:06:19 +0000"
    },
    "done": true
  },
  "minecraft:recipes/redstone/oak_fence_gate": {
    "criteria": {
      "has_planks": "2024-10-26 23:54:09 +0000"
    },
    "done": true
  },
  "minecraft:recipes/redstone/tnt": {
    "criteria": {
      "has_gunpowder": "2024-10-27 00:06:19 +0000"
    },
    "done": true
  },
  "minecraft:recipes/building_blocks/andesite_stairs_from_andesite_stonecutting": {
    "criteria": {
      "has_andesite": "2024-10-27 00:27:58 +0000"
    },
    "done": true
  },
  "minecraft:recipes/decorations/iron_bars": {
    "criteria": {
      "has_iron_ingot": "2024-10-27 00:22:02 +0000"
    },
    "done": true
  },
  "minecraft:recipes/decorations/diorite_wall_from_diorite_stonecutting": {
    "criteria": {
      "has_diorite": "2024-10-27 00:03:22 +0000"
    },
    "done": true
  },
  "minecraft:recipes/building_blocks/blue_wool": {
    "criteria": {
      "has_white_wool": "2024-10-27 00:02:39 +0000"
    },
    "done": true
  },
  "minecraft:story/obtain_armor": {
    "criteria": {
      "iron_helmet": "2024-10-27 00:29:41 +0000"
    },
    "done": true
  },
  "armorplus:story/thank_you_6m": {
    "criteria": {
      "open_inventory": "2024-10-26 23:52:06 +0000"
    },
    "done": true
  },
  "armorplus:recipes/armorplus.weapons/crafting/shaped/coal/coal_bow_alt": {
    "criteria": {
      "has_req": "2024-10-27 00:06:19 +0000"
    },
    "done": true
  },
  "minecraft:story/mine_stone": {
    "criteria": {
      "get_stone": "2024-10-26 23:54:31 +0000"
    },
    "done": true
  },
  "minecraft:recipes/decorations/furnace": {
    "criteria": {
      "has_cobblestone": "2024-10-26 23:54:31 +0000"
    },
    "done": true
  },
  "minecraft:recipes/transportation/minecart": {
    "criteria": {
      "has_iron_ingot": "2024-10-27 00:22:02 +0000"
    },
    "done": true
  },
  "armorplus:recipes/armorplus.weapons/crafting/shaped/infused_lava/infused_lava_bow_alt": {
    "criteria": {
      "has_req": "2024-10-27 00:06:19 +0000"
    },
    "done": true
  },
  "minecraft:recipes/building_blocks/andesite_stairs": {
    "criteria": {
      "has_andesite": "2024-10-27 00:27:58 +0000"
    },
    "done": true
  },
  "minecraft:recipes/misc/charcoal": {
    "criteria": {
      "has_log": "2024-10-26 23:49:44 +0000"
    },
    "done": true
  },
  "minecraft:adventure/sleep_in_bed": {
    "criteria": {
      "slept_in_bed": "2024-10-27 00:19:46 +0000"
    },
    "done": true
  },
  "minecraft:recipes/building_blocks/spruce_planks": {
    "criteria": {
      "has_logs": "2024-10-26 23:49:44 +0000"
    },
    "done": true
  },
  "minecraft:recipes/building_blocks/orange_wool": {
    "criteria": {
      "has_white_wool": "2024-10-27 00:02:39 +0000"
    },
    "done": true
  },
  "minecraft:recipes/tools/iron_hoe": {
    "criteria": {
      "has_iron_ingot": "2024-10-27 00:22:02 +0000"
    },
    "done": true
  },
  "minecraft:recipes/tools/wooden_pickaxe": {
    "criteria": {
      "has_stick": "2024-10-26 23:51:51 +0000"
    },
    "done": true
  },
  "minecraft:recipes/building_blocks/cobblestone_slab_from_cobblestone_stonecutting": {
    "criteria": {
      "has_cobblestone": "2024-10-26 23:54:31 +0000"
    },
    "done": true
  },
  "minecraft:husbandry/root": {
    "criteria": {
      "consumed_item": "2024-10-26 23:48:16 +0000"
    },
    "done": true
  },
  "minecraft:recipes/transportation/birch_boat": {
    "criteria": {
      "in_water": "2024-10-27 00:08:44 +0000"
    },
    "done": true
  },
  "minecraft:recipes/building_blocks/oak_stairs": {
    "criteria": {
      "has_planks": "2024-10-26 23:54:09 +0000"
    },
    "done": true
  },
  "minecraft:recipes/building_blocks/polished_granite_slab_from_granite_stonecutting": {
    "criteria": {
      "has_granite": "2024-10-27 00:36:50 +0000"
    },
    "done": true
  },
  "minecraft:recipes/building_blocks/polished_andesite_slab_from_andesite_stonecutting": {
    "criteria": {
      "has_andesite": "2024-10-27 00:27:58 +0000"
    },
    "done": true
  },
  "minecraft:recipes/building_blocks/polished_andesite_from_andesite_stonecutting": {
    "criteria": {
      "has_andesite": "2024-10-27 00:27:58 +0000"
    },
    "done": true
  },
  "minecraft:recipes/tools/iron_shovel": {
    "criteria": {
      "has_iron_ingot": "2024-10-27 00:22:02 +0000"
    },
    "done": true
  },
  "minecraft:recipes/transportation/acacia_boat": {
    "criteria": {
      "in_water": "2024-10-27 00:08:44 +0000"
    },
    "done": true
  },
  "minecraft:recipes/redstone/iron_trapdoor": {
    "criteria": {
      "has_iron_ingot": "2024-10-27 00:22:02 +0000"
    },
    "done": true
  },
  "armorplus:recipes/armorplus.weapons/crafting/shaped/lapis/lapis_sword": {
    "criteria": {
      "has_req": "2024-10-26 23:51:51 +0000"
    },
    "done": true
  },
  "minecraft:adventure/root": {
    "criteria": {
      "killed_something": "2024-10-26 23:48:59 +0000"
    },
    "done": true
  },
  "armorplus:recipes/armorplus.weapons/crafting/shaped/lapis/lapis_battle_axe": {
    "criteria": {
      "has_req": "2024-10-26 23:51:51 +0000"
    },
    "done": true
  },
  "armorplus:recipes/building_blocks/crafting/shapeless/wooden_rod": {
    "criteria": {
      "has_req": "2024-10-26 23:51:51 +0000"
    },
    "done": true
  },
  "minecraft:recipes/decorations/black_bed": {
    "criteria": {
      "has_black_wool": "2024-10-27 00:27:49 +0000"
    },
    "done": true
  },
  "armorplus:recipes/armorplus.weapons/crafting/shaped/obsidian/obsidian_bow": {
    "criteria": {
      "has_req": "2024-10-27 00:06:19 +0000"
    },
    "done": true
  },
  "minecraft:recipes/food/cooked_salmon_from_campfire_cooking": {
    "criteria": {
      "has_salmon": "2024-10-27 00:31:22 +0000"
    },
    "done": true
  },
  "armorplus:recipes/armorplus.weapons/crafting/shaped/infused_lava/infused_lava_battle_axe": {
    "criteria": {
      "has_req": "2024-10-26 23:51:51 +0000"
    },
    "done": true
  },
  "minecraft:recipes/decorations/item_frame": {
    "criteria": {
      "has_leather": "2024-10-26 23:49:28 +0000"
    },
    "done": true
  },
  "armorplus:recipes/armorplus.weapons/crafting/shaped/coal/coal_arrow": {
    "criteria": {
      "has_req": "2024-10-26 23:56:19 +0000"
    },
    "done": true
  },
  "minecraft:recipes/building_blocks/white_wool_from_string": {
    "criteria": {
      "has_string": "2024-10-27 00:06:19 +0000"
    },
    "done": true
  },
  "minecraft:recipes/tools/stone_hoe": {
    "criteria": {
      "has_cobblestone": "2024-10-26 23:54:31 +0000"
    },
    "done": true
  },
  "minecraft:recipes/decorations/spruce_fence": {
    "criteria": {
      "has_planks": "2024-10-26 23:52:03 +0000"
    },
    "done": true
  },
  "minecraft:recipes/food/baked_potato_from_smoking": {
    "criteria": {
      "has_potato": "2024-10-27 00:29:29 +0000"
    },
    "done": true
  },
  "armorplus:recipes/armorplus.weapons/crafting/shaped/redstone/redstone_pickaxe": {
    "criteria": {
      "has_req": "2024-10-26 23:51:51 +0000"
    },
    "done": true
  },
  "minecraft:adventure/kill_all_mobs": {
    "criteria": {
      "minecraft:skeleton": "2024-10-27 00:02:34 +0000",
      "minecraft:spider": "2024-10-27 00:19:38 +0000",
      "minecraft:creeper": "2024-10-27 00:21:48 +0000",
      "minecraft:slime": "2024-10-27 00:20:42 +0000",
      "minecraft:zombie": "2024-10-26 23:56:33 +0000",
      "minecraft:zombie_villager": "2024-10-26 23:56:12 +0000"
    },
    "done": false
  },
  "armorplus:recipes/armorplus.items/crafting/shaped/enhanced/en_iron": {
    "criteria": {
      "has_req": "2024-10-27 00:22:02 +0000"
    },
    "done": true
  },
  "minecraft:recipes/building_blocks/birch_wood": {
    "criteria": {
      "has_log": "2024-10-27 00:17:50 +0000"
    },
    "done": true
  },
  "armorplus:recipes/armorplus.armors/crafting/shaped/chicken/chicken_boots_alt": {
    "criteria": {
      "has_req": "2024-10-27 00:16:34 +0000"
    },
    "done": true
  },
  "minecraft:recipes/building_blocks/granite_slab": {
    "criteria": {
      "has_granite": "2024-10-27 00:36:50 +0000"
    },
    "done": true
  },
  "minecraft:recipes/food/cooked_beef_from_smoking": {
    "criteria": {
      "has_beef": "2024-10-26 23:49:28 +0000"
    },
    "done": true
  },
  "minecraft:recipes/food/baked_potato": {
    "criteria": {
      "has_potato": "2024-10-27 00:29:29 +0000"
    },
    "done": true
  },
  "minecraft:recipes/decorations/white_carpet": {
    "criteria": {
      "has_white_wool": "2024-10-27 00:02:39 +0000"
    },
    "done": true
  },
  "minecraft:recipes/building_blocks/spruce_stairs": {
    "criteria": {
      "has_planks": "2024-10-26 23:52:03 +0000"
    },
    "done": true
  },
  "minecraft:recipes/misc/iron_nugget_from_smelting": {
    "criteria": {
      "has_iron_horse_armor": "2024-10-27 00:22:02 +0000"
    },
    "done": true
  },
  "minecraft:recipes/food/cooked_mutton_from_smoking": {
    "criteria": {
      "has_mutton": "2024-10-27 00:02:39 +0000"
    },
    "done": true
  },
  "armorplus:recipes/armorplus.armors/crafting/shaped/chicken/chicken_helmet": {
    "criteria": {
      "has_req": "2024-10-27 00:16:34 +0000"
    },
    "done": true
  },
  "minecraft:recipes/decorations/slime_block": {
    "criteria": {
      "has_slime_ball": "2024-10-27 00:20:45 +0000"
    },
    "done": true
  },
  "minecraft:recipes/decorations/granite_wall_from_granite_stonecutting": {
    "criteria": {
      "has_granite": "2024-10-27 00:36:50 +0000"
    },
    "done": true
  },
  "armorplus:recipes/armorplus.items/crafting/shaped/ender_dragon/ender_dragon_bow_base": {
    "criteria": {
      "has_req": "2024-10-27 00:06:19 +0000"
    },
    "done": true
  },
  "minecraft:recipes/decorations/chain": {
    "criteria": {
      "has_iron_ingot": "2024-10-27 00:22:02 +0000"
    },
    "done": true
  },
  "armorplus:recipes/armorplus.weapons/crafting/shaped/lapis/lapis_bow": {
    "criteria": {
      "has_req": "2024-10-27 00:06:19 +0000"
    },
    "done": true
  },
  "minecraft:story/upgrade_tools": {
    "criteria": {
      "stone_pickaxe": "2024-10-26 23:55:45 +0000"
    },
    "done": true
  },
  "alexsmobs:alexsmobs/root": {
    "criteria": {
      "useitem": "2024-10-26 23:48:16 +0000"
    },
    "done": true
  },
  "armorplus:recipes/armorplus.items/crafting/shaped/super_star/super_star_bow_base": {
    "criteria": {
      "has_req": "2024-10-27 00:06:19 +0000"
    },
    "done": true
  },
  "minecraft:recipes/building_blocks/polished_granite_stairs_from_granite_stonecutting": {
    "criteria": {
      "has_granite": "2024-10-27 00:36:50 +0000"
    },
    "done": true
  },
  "minecraft:recipes/decorations/oak_fence": {
    "criteria": {
      "has_planks": "2024-10-26 23:54:09 +0000"
    },
    "done": true
  },
  "minecraft:recipes/transportation/oak_boat": {
    "criteria": {
      "in_water": "2024-10-27 00:08:44 +0000"
    },
    "done": true
  },
  "armorplus:recipes/armorplus.weapons/crafting/shaped/emerald/emerald_bow_alt": {
    "criteria": {
      "has_req": "2024-10-27 00:06:19 +0000"
    },
    "done": true
  },
  "armorplus:recipes/armorplus.weapons/crafting/shaped/infused_lava/infused_lava_sword": {
    "criteria": {
      "has_req": "2024-10-26 23:51:51 +0000"
    },
    "done": true
  },
  "minecraft:recipes/food/baked_potato_from_campfire_cooking": {
    "criteria": {
      "has_potato": "2024-10-27 00:29:29 +0000"
    },
    "done": true
  },
  "minecraft:recipes/food/cooked_porkchop": {
    "criteria": {
      "has_porkchop": "2024-10-26 23:48:59 +0000"
    },
    "done": true
  },
  "minecraft:recipes/building_blocks/oak_slab": {
    "criteria": {
      "has_planks": "2024-10-26 23:54:09 +0000"
    },
    "done": true
  },
  "minecraft:recipes/food/cooked_porkchop_from_campfire_cooking": {
    "criteria": {
      "has_porkchop": "2024-10-26 23:48:59 +0000"
    },
    "done": true
  },
  "minecraft:recipes/tools/wooden_axe": {
    "criteria": {
      "has_stick": "2024-10-26 23:51:51 +0000"
    },
    "done": true
  },
  "minecraft:recipes/decorations/spruce_sign": {
    "criteria": {
      "has_spruce_planks": "2024-10-26 23:52:03 +0000"
    },
    "done": true
  },
  "minecraft:recipes/building_blocks/lime_wool": {
    "criteria": {
      "has_white_wool": "2024-10-27 00:02:39 +0000"
    },
    "done": true
  },
  "minecraft:recipes/building_blocks/granite_stairs": {
    "criteria": {
      "has_granite": "2024-10-27 00:36:50 +0000"
    },
    "done": true
  },
  "armorplus:recipes/armorplus.items/crafting/shaped/ender_dragon/ender_dragon_bow_base_alt": {
    "criteria": {
      "has_req": "2024-10-27 00:06:19 +0000"
    },
    "done": true
  },
  "minecraft:recipes/building_blocks/black_wool": {
    "criteria": {
      "has_white_wool": "2024-10-27 00:02:39 +0000"
    },
    "done": true
  },
  "minecraft:recipes/food/cooked_salmon_from_smoking": {
    "criteria": {
      "has_salmon": "2024-10-27 00:31:22 +0000"
    },
    "done": true
  },
  "minecraft:recipes/decorations/loom": {
    "criteria": {
      "has_string": "2024-10-27 00:06:19 +0000"
    },
    "done": true
  },
  "minecraft:recipes/building_blocks/green_wool": {
    "criteria": {
      "has_white_wool": "2024-10-27 00:02:39 +0000"
    },
    "done": true
  },
  "minecraft:recipes/building_blocks/diorite_stairs_from_diorite_stonecutting": {
    "criteria": {
      "has_diorite": "2024-10-27 00:03:22 +0000"
    },
    "done": true
  },
  "minecraft:recipes/building_blocks/brown_wool": {
    "criteria": {
      "has_white_wool": "2024-10-27 00:02:39 +0000"
    },
    "done": true
  },
  "minecraft:recipes/building_blocks/iron_block": {
    "criteria": {
      "has_iron_ingot": "2024-10-27 00:22:02 +0000"
    },
    "done": true
  },
  "minecraft:recipes/decorations/painting": {
    "criteria": {
      "has_wool": "2024-10-27 00:02:39 +0000"
    },
    "done": true
  },
  "minecraft:recipes/combat/arrow": {
    "criteria": {
      "has_feather": "2024-10-27 00:16:34 +0000"
    },
    "done": true
  },
  "minecraft:recipes/decorations/black_carpet": {
    "criteria": {
      "has_black_wool": "2024-10-27 00:27:49 +0000"
    },
    "done": true
  },
  "minecraft:recipes/building_blocks/andesite_slab_from_andesite_stonecutting": {
    "criteria": {
      "has_andesite": "2024-10-27 00:27:58 +0000"
    },
    "done": true
  },
  "minecraft:recipes/building_blocks/spruce_wood": {
    "criteria": {
      "has_log": "2024-10-26 23:49:44 +0000"
    },
    "done": true
  },
  "minecraft:recipes/building_blocks/coal_block": {
    "criteria": {
      "has_coal": "2024-10-26 23:56:19 +0000"
    },
    "done": true
  },
  "armorplus:recipes/armorplus.weapons/crafting/shaped/infused_lava/infused_lava_bow": {
    "criteria": {
      "has_req": "2024-10-27 00:06:19 +0000"
    },
    "done": true
  },
  "armorplus:recipes/armorplus.weapons/crafting/shaped/coal/coal_battle_axe": {
    "criteria": {
      "has_req": "2024-10-26 23:51:51 +0000"
    },
    "done": true
  },
  "armorplus:recipes/armorplus.weapons/crafting/shaped/obsidian/obsidian_pickaxe": {
    "criteria": {
      "has_req": "2024-10-26 23:51:51 +0000"
    },
    "done": true
  },
  "minecraft:recipes/building_blocks/light_blue_wool": {
    "criteria": {
      "has_white_wool": "2024-10-27 00:02:39 +0000"
    },
    "done": true
  },
  "minecraft:recipes/combat/wooden_sword": {
    "criteria": {
      "has_stick": "2024-10-26 23:51:51 +0000"
    },
    "done": true
  },
  "minecraft:recipes/tools/stone_shovel": {
    "criteria": {
      "has_cobblestone": "2024-10-26 23:54:31 +0000"
    },
    "done": true
  },
  "minecraft:recipes/decorations/gray_banner": {
    "criteria": {
      "has_gray_wool": "2024-10-27 00:02:43 +0000"
    },
    "done": true
  },
  "minecraft:recipes/building_blocks/oak_planks": {
    "criteria": {
      "has_logs": "2024-10-26 23:53:24 +0000"
    },
    "done": true
  },
  "minecraft:recipes/building_blocks/diorite_stairs": {
    "criteria": {
      "has_diorite": "2024-10-27 00:03:22 +0000"
    },
    "done": true
  },
  "minecraft:recipes/building_blocks/spruce_slab": {
    "criteria": {
      "has_planks": "2024-10-26 23:52:03 +0000"
    },
    "done": true
  },
  "minecraft:recipes/building_blocks/granite_slab_from_granite_stonecutting": {
    "criteria": {
      "has_granite": "2024-10-27 00:36:50 +0000"
    },
    "done": true
  },
  "minecraft:recipes/tools/iron_axe": {
    "criteria": {
      "has_iron_ingot": "2024-10-27 00:22:02 +0000"
    },
    "done": true
  },
  "minecraft:recipes/building_blocks/andesite": {
    "criteria": {
      "has_stone": "2024-10-27 00:03:22 +0000"
    },
    "done": true
  },
  "armorplus:recipes/armorplus.armors/crafting/shaped/chicken/chicken_boots": {
    "criteria": {
      "has_req": "2024-10-27 00:16:34 +0000"
    },
    "done": true
  },
  "minecraft:recipes/decorations/black_banner": {
    "criteria": {
      "has_black_wool": "2024-10-27 00:27:49 +0000"
    },
    "done": true
  },
  "minecraft:recipes/tools/lead": {
    "criteria": {
      "has_slime_ball": "2024-10-27 00:20:45 +0000"
    },
    "done": true
  },
  "minecraft:recipes/decorations/gray_carpet": {
    "criteria": {
      "has_gray_wool": "2024-10-27 00:02:43 +0000"
    },
    "done": true
  },
  "minecraft:recipes/redstone/tripwire_hook": {
    "criteria": {
      "has_string": "2024-10-27 00:06:19 +0000"
    },
    "done": true
  },
  "minecraft:recipes/redstone/oak_pressure_plate": {
    "criteria": {
      "has_planks": "2024-10-26 23:54:09 +0000"
    },
    "done": true
  },
  "minecraft:recipes/combat/iron_boots": {
    "criteria": {
      "has_iron_ingot": "2024-10-27 00:22:02 +0000"
    },
    "done": true
  },
  "minecraft:recipes/misc/bone_meal": {
    "criteria": {
      "has_bone": "2024-10-27 00:02:35 +0000"
    },
    "done": true
  },
  "minecraft:recipes/building_blocks/birch_planks": {
    "criteria": {
      "has_logs": "2024-10-27 00:17:50 +0000"
    },
    "done": true
  },
  "armorplus:recipes/armorplus.armors/crafting/shaped/chicken/chicken_chestplate": {
    "criteria": {
      "has_req": "2024-10-27 00:16:34 +0000"
    },
    "done": true
  },
  "minecraft:story/iron_tools": {
    "criteria": {
      "iron_pickaxe": "2024-10-27 00:22:02 +0000"
    },
    "done": true
  },
  "armorplus:recipes/armorplus.weapons/crafting/shaped/coal/coal_bow": {
    "criteria": {
      "has_req": "2024-10-27 00:06:19 +0000"
    },
    "done": true
  },
  "usefulbackpacks:recipes/filter_configurator": {
    "criteria": {
      "has_leather": "2024-10-26 23:49:28 +0000"
    },
    "done": true
  },
  "armorplus:recipes/armorplus.items/crafting/shapeless/wooden_rod": {
    "criteria": {
      "has_req": "2024-10-26 23:51:51 +0000"
    },
    "done": true
  },
  "minecraft:recipes/building_blocks/oak_wood": {
    "criteria": {
      "has_log": "2024-10-26 23:53:24 +0000"
    },
    "done": true
  },
  "minecraft:recipes/food/cooked_salmon": {
    "criteria": {
      "has_salmon": "2024-10-27 00:31:22 +0000"
    },
    "done": true
  },
  "minecraft:story/root": {
    "criteria": {
      "crafting_table": "2024-10-26 23:52:06 +0000"
    },
    "done": true
  },
  "minecraft:recipes/combat/iron_chestplate": {
    "criteria": {
      "has_iron_ingot": "2024-10-27 00:22:02 +0000"
    },
    "done": true
  },
  "minecraft:recipes/combat/crossbow": {
    "criteria": {
      "has_stick": "2024-10-26 23:51:51 +0000"
    },
    "done": true
  },
  "minecraft:recipes/redstone/spruce_pressure_plate": {
    "criteria": {
      "has_planks": "2024-10-26 23:52:03 +0000"
    },
    "done": true
  },
  "minecraft:recipes/building_blocks/yellow_wool": {
    "criteria": {
      "has_white_wool": "2024-10-27 00:02:39 +0000"
    },
    "done": true
  },
  "armorplus:recipes/armorplus.weapons/crafting/shaped/emerald/emerald_bow": {
    "criteria": {
      "has_req": "2024-10-27 00:06:19 +0000"
    },
    "done": true
  },
  "minecraft:recipes/decorations/oak_sign": {
    "criteria": {
      "has_oak_planks": "2024-10-26 23:54:09 +0000"
    },
    "done": true
  },
  "minecraft:recipes/food/cooked_porkchop_from_smoking": {
    "criteria": {
      "has_porkchop": "2024-10-26 23:48:59 +0000"
    },
    "done": true
  },
  "minecraft:recipes/redstone/oak_trapdoor": {
    "criteria": {
      "has_planks": "2024-10-26 23:54:09 +0000"
    },
    "done": true
  },
  "minecraft:recipes/building_blocks/granite_stairs_from_granite_stonecutting": {
    "criteria": {
      "has_granite": "2024-10-27 00:36:50 +0000"
    },
    "done": true
  },
  "minecraft:recipes/building_blocks/polished_diorite_from_diorite_stonecutting": {
    "criteria": {
      "has_diorite": "2024-10-27 00:03:22 +0000"
    },
    "done": true
  },
  "armorplus:recipes/armorplus.armors/crafting/shaped/chicken/chicken_leggings": {
    "criteria": {
      "has_req": "2024-10-27 00:16:34 +0000"
    },
    "done": true
  },
  "armorplus:recipes/armorplus.weapons/crafting/shaped/redstone/redstone_sword": {
    "criteria": {
      "has_req": "2024-10-26 23:51:51 +0000"
    },
    "done": true
  },
  "minecraft:recipes/misc/iron_nugget_from_blasting": {
    "criteria": {
      "has_iron_horse_armor": "2024-10-27 00:22:02 +0000"
    },
    "done": true
  },
  "minecraft:recipes/combat/leather_chestplate": {
    "criteria": {
      "has_leather": "2024-10-26 23:49:28 +0000"
    },
    "done": true
  },
  "minecraft:adventure/kill_a_mob": {
    "criteria": {
      "minecraft:zombie_villager": "2024-10-26 23:56:12 +0000"
    },
    "done": true
  },
  "minecraft:recipes/redstone/oak_button": {
    "criteria": {
      "has_planks": "2024-10-26 23:54:09 +0000"
    },
    "done": true
  },
  "armorplus:recipes/armorplus.weapons/crafting/shaped/emerald/emerald_sword": {
    "criteria": {
      "has_req": "2024-10-26 23:51:51 +0000"
    },
    "done": true
  },
  "minecraft:recipes/misc/iron_ingot": {
    "criteria": {
      "has_iron_ore": "2024-10-27 00:01:43 +0000"
    },
    "done": true
  },
  "minecraft:recipes/decorations/diorite_wall": {
    "criteria": {
      "has_diorite": "2024-10-27 00:03:22 +0000"
    },
    "done": true
  },
  "minecraft:recipes/redstone/sticky_piston": {
    "criteria": {
      "has_slime_ball": "2024-10-27 00:20:45 +0000"
    },
    "done": true
  },
  "minecraft:recipes/building_blocks/stone": {
    "criteria": {
      "has_cobblestone": "2024-10-26 23:54:31 +0000"
    },
    "done": true
  },
  "minecraft:recipes/building_blocks/polished_andesite": {
    "criteria": {
      "has_stone": "2024-10-27 00:27:58 +0000"
    },
    "done": true
  },
  "minecraft:recipes/food/cooked_beef": {
    "criteria": {
      "has_beef": "2024-10-26 23:49:28 +0000"
    },
    "done": true
  },
  "minecraft:adventure/adventuring_time": {
    "criteria": {
      "minecraft:forest": "2024-10-27 00:15:56 +0000",
      "minecraft:mountains": "2024-10-26 23:48:54 +0000",
      "minecraft:taiga": "2024-10-27 00:19:07 +0000",
      "minecraft:birch_forest": "2024-10-27 00:18:39 +0000",
      "minecraft:river": "2024-10-27 00:14:08 +0000",
      "minecraft:wooded_mountains": "2024-10-27 00:12:15 +0000",
      "minecraft:wooded_hills": "2024-10-27 00:17:05 +0000",
      "minecraft:swamp": "2024-10-27 00:19:34 +0000",
      "minecraft:plains": "2024-10-26 23:47:37 +0000"
    },
    "done": false
  },
  "minecraft:recipes/redstone/iron_door": {
    "criteria": {
      "has_iron_ingot": "2024-10-27 00:22:02 +0000"
    },
    "done": true
  },
  "minecraft:recipes/combat/stone_sword": {
    "criteria": {
      "has_cobblestone": "2024-10-26 23:54:31 +0000"
    },
    "done": true
  },
  "minecraft:recipes/decorations/cobblestone_wall": {
    "criteria": {
      "has_cobblestone": "2024-10-26 23:54:31 +0000"
    },
    "done": true
  },
  "minecraft:recipes/decorations/barrel": {
    "criteria": {
      "has_planks": "2024-10-26 23:52:03 +0000"
    },
    "done": true
  },
  "minecraft:recipes/tools/stone_pickaxe": {
    "criteria": {
      "has_cobblestone": "2024-10-26 23:54:31 +0000"
    },
    "done": true
  },
  "minecraft:recipes/decorations/smithing_table": {
    "criteria": {
      "has_iron_ingot": "2024-10-27 00:22:02 +0000"
    },
    "done": true
  },
  "minecraft:recipes/redstone/oak_door": {
    "criteria": {
      "has_planks": "2024-10-26 23:54:09 +0000"
    },
    "done": true
  },
  "minecraft:husbandry/plant_seed": {
    "criteria": {
      "wheat": "2024-10-27 00:29:08 +0000"
    },
    "done": true
  },
  "minecraft:recipes/combat/leather_boots": {
    "criteria": {
      "has_leather": "2024-10-26 23:49:28 +0000"
    },
    "done": true
  },
  "minecraft:recipes/transportation/jungle_boat": {
    "criteria": {
      "in_water": "2024-10-27 00:08:44 +0000"
    },
    "done": true
  },
  "minecraft:recipes/decorations/cobblestone_wall_from_cobblestone_stonecutting": {
    "criteria": {
      "has_cobblestone": "2024-10-26 23:54:31 +0000"
    },
    "done": true
  },
  "armorplus:recipes/armorplus.weapons/crafting/shaped/redstone/redstone_battle_axe": {
    "criteria": {
      "has_req": "2024-10-26 23:51:51 +0000"
    },
    "done": true
  },
  "minecraft:recipes/redstone/heavy_weighted_pressure_plate": {
    "criteria": {
      "has_iron_ingot": "2024-10-27 00:22:02 +0000"
    },
    "done": true
  },
  "minecraft:recipes/transportation/dark_oak_boat": {
    "criteria": {
      "in_water": "2024-10-27 00:08:44 +0000"
    },
    "done": true
  },
  "armorplus:recipes/armorplus.weapons/crafting/shaped/lapis/lapis_bow_alt": {
    "criteria": {
      "has_req": "2024-10-27 00:06:19 +0000"
    },
    "done": true
  },
  "minecraft:recipes/building_blocks/pink_wool": {
    "criteria": {
      "has_white_wool": "2024-10-27 00:02:39 +0000"
    },
    "done": true
  },
  "minecraft:recipes/decorations/andesite_wall_from_andesite_stonecutting": {
    "criteria": {
      "has_andesite": "2024-10-27 00:27:58 +0000"
    },
    "done": true
  },
  "armorplus:recipes/armorplus.weapons/crafting/shaped/emerald/emerald_pickaxe": {
    "criteria": {
      "has_req": "2024-10-26 23:51:51 +0000"
    },
    "done": true
  },
  "armorplus:recipes/armorplus.weapons/crafting/shaped/emerald/emerald_battle_axe": {
    "criteria": {
      "has_req": "2024-10-26 23:51:51 +0000"
    },
    "done": true
  },
  "usefulbackpacks:recipes/backpack_small": {
    "criteria": {
      "has_leather": "2024-10-26 23:49:28 +0000"
    },
    "done": true
  },
  "minecraft:recipes/building_blocks/polished_granite": {
    "criteria": {
      "has_stone": "2024-10-27 00:36:50 +0000"
    },
    "done": true
  },
  "armorplus:story/root": {
    "criteria": {
      "crafting_table": "2024-10-26 23:52:06 +0000"
    },
    "done": true
  },
  "minecraft:recipes/decorations/lantern": {
    "criteria": {
      "has_iron_ingot": "2024-10-27 00:22:02 +0000"
    },
    "done": true
  },
  "minecraft:recipes/redstone/spruce_trapdoor": {
    "criteria": {
      "has_planks": "2024-10-26 23:52:03 +0000"
    },
    "done": true
  },
  "armorplus:recipes/armorplus.weapons/crafting/shaped/obsidian/obsidian_bow_alt": {
    "criteria": {
      "has_req": "2024-10-27 00:06:19 +0000"
    },
    "done": true
  },
  "armorplus:recipes/armorplus.weapons/crafting/shaped/obsidian/obsidian_battle_axe": {
    "criteria": {
      "has_req": "2024-10-26 23:51:51 +0000"
    },
    "done": true
  },
  "armorplus:recipes/armorplus.weapons/crafting/shaped/coal/coal_pickaxe": {
    "criteria": {
      "has_req": "2024-10-26 23:51:51 +0000"
    },
    "done": true
  },
  "minecraft:recipes/food/cooked_beef_from_campfire_cooking": {
    "criteria": {
      "has_beef": "2024-10-26 23:49:28 +0000"
    },
    "done": true
  },
  "minecraft:recipes/building_blocks/polished_diorite": {
    "criteria": {
      "has_stone": "2024-10-27 00:03:22 +0000"
    },
    "done": true
  },
  "minecraft:recipes/building_blocks/light_gray_wool": {
    "criteria": {
      "has_white_wool": "2024-10-27 00:02:39 +0000"
    },
    "done": true
  },
  "minecraft:recipes/decorations/andesite_wall": {
    "criteria": {
      "has_andesite": "2024-10-27 00:27:58 +0000"
    },
    "done": true
  },
  "minecraft:recipes/building_blocks/andesite_slab": {
    "criteria": {
      "has_andesite": "2024-10-27 00:27:58 +0000"
    },
    "done": true
  },
  "minecraft:recipes/building_blocks/red_wool": {
    "criteria": {
      "has_white_wool": "2024-10-27 00:02:39 +0000"
    },
    "done": true
  },
  "minecraft:recipes/decorations/soul_campfire": {
    "criteria": {
      "has_stick": "2024-10-26 23:51:51 +0000"
    },
    "done": true
  },
  "minecraft:story/smelt_iron": {
    "criteria": {
      "iron": "2024-10-27 00:22:02 +0000"
    },
    "done": true
  },
  "minecraft:recipes/tools/stone_axe": {
    "criteria": {
      "has_cobblestone": "2024-10-26 23:54:31 +0000"
    },
    "done": true
  },
  "minecraft:recipes/food/cooked_mutton": {
    "criteria": {
      "has_mutton": "2024-10-27 00:02:39 +0000"
    },
    "done": true
  },
  "armorplus:recipes/armorplus.weapons/crafting/shaped/redstone/redstone_bow_alt": {
    "criteria": {
      "has_req": "2024-10-27 00:06:19 +0000"
    },
    "done": true
  },
  "armorplus:recipes/armorplus.items/crafting/shaped/super_star/super_star_bow_base_alt": {
    "criteria": {
      "has_req": "2024-10-27 00:06:19 +0000"
    },
    "done": true
  },
  "armorplus:recipes/armorplus.weapons/crafting/shaped/coal/coal_sword": {
    "criteria": {
      "has_req": "2024-10-26 23:51:51 +0000"
    },
    "done": true
  },
  "DataVersion": 2586
}